KEY1,Чсьнпт РбсЬдпузт,Regional Unity
Кщд.Рс.: 101472,24,ДХФЙКЗУ БФФЙКЗУ
Кщд.Рс.: 101542,24,КЕНФСЙКПХ ФПМЕБ БИЗНЩН
Кщд.Рс.: 101526,24,НПФЙПХ ФПМЕБ БИЗНЩН
Кщд.Рс.: 101528,24,ИЕУУБЛПНЙКЗУ
Кщд.Рс.: 101416,24,КЕНФСЙКПХ ФПМЕБ БИЗНЩН
Кщд.Рс.: 101317,24,КЕНФСЙКПХ ФПМЕБ БИЗНЩН
Кщд.Рс.: 101527,24,НПФЙПХ ФПМЕБ БИЗНЩН
Кщд.Рс.: 101497,24,КЕНФСЙКПХ ФПМЕБ БИЗНЩН
Кщд.Рс.: 101521,24,ВПСЕЙПХ ФПМЕБ БИЗНЩН
Кщд.Рс.: 101518,24,ИЕУУБЛПНЙКЗУ
Кщд.Рс.: 101523,24,РЕЙСБЙЩУ
Кщд.Рс.: 101496,24,НПФЙПХ ФПМЕБ БИЗНЩН
Кщд.Рс.: 101522,24,ВПСЕЙПХ ФПМЕБ БИЗНЩН
Кщд.Рс.: 101487,24,ИЕУУБЛПНЙКЗУ
Кщд.Рс.: 101510,24,КЕНФСЙКПХ ФПМЕБ БИЗНЩН
Кщд.Рс.: 101317,24,КЕНФСЙКПХ ФПМЕБ БИЗНЩН
Кщд.Рс.: 101412,24,НПФЙПХ ФПМЕБ БИЗНЩН
Кщд.Рс.: 101485,24,ИЕУУБЛПНЙКЗУ
Кщд.Рс.: 101424,24,БНБФПЛЙКЗУ БФФЙКЗУ
Кщд.Рс.: 101509,24,ДХФЙКПХ ФПМЕБ БИЗНЩН
Кщд.Рс.: 101508,24,ВПСЕЙПХ ФПМЕБ БИЗНЩН
Кщд.Рс.: 101457,24,ИЕУУБЛПНЙКЗУ
Кщд.Рс.: 101486,24,ИЕУУБЛПНЙКЗУ
Кщд.Рс.: 101236,24,ИЕУУБЛПНЙКЗУ
Кщд.Рс.: 101050,24,КЕНФСЙКПХ ФПМЕБ БИЗНЩН
Кщд.Рс.: 101403,24,РЕЙСБЙЩУ
Кщд.Рс.: 101503,24,РЕЙСБЙЩУ
Кщд.Рс.: 101503,24,РЕЙСБЙЩУ
Кщд.Рс.: 101494,24,КЕНФСЙКПХ ФПМЕБ БИЗНЩН
Кщд.Рс.: 101492,24,КЕНФСЙКПХ ФПМЕБ БИЗНЩН
Кщд.Рс.: 101495,24,БНБФПЛЙКЗУ БФФЙКЗУ
Кщд.Рс.: 101493,24,ДХФЙКПХ ФПМЕБ БИЗНЩН
Кщд.Рс.: 101411,24,КЕНФСЙКПХ ФПМЕБ БИЗНЩН
Кщд.Рс.: 101463,24,ИЕУУБЛПНЙКЗУ
Кщд.Рс.: 101480,24,ИЕУУБЛПНЙКЗУ
Кщд.Рс.: 101462,24,ИЕУУБЛПНЙКЗУ
Кщд.Рс.: 101438,24,ИЕУУБЛПНЙКЗУ
Кщд.Рс.: 101409,24,ДХФЙКПХ ФПМЕБ БИЗНЩН
Кщд.Рс.: 101469,24,КЕНФСЙКПХ ФПМЕБ БИЗНЩН
Кщд.Рс.: 101418,24,КЕНФСЙКПХ ФПМЕБ БИЗНЩН
Кщд.Рс.: 101470,24,ДХФЙКЗУ БФФЙКЗУ
Кщд.Рс.: 101460,24,ДХФЙКПХ ФПМЕБ БИЗНЩН
Кщд.Рс.: 101399,24,БНБФПЛЙКЗУ БФФЙКЗУ
Кщд.Рс.: 101464,24,ИЕУУБЛПНЙКЗУ
Кщд.Рс.: 101363,24,ИЕУУБЛПНЙКЗУ
Кщд.Рс.: 101435,24,ИЕУУБЛПНЙКЗУ
Кщд.Рс.: 101395,24,РЕЙСБЙЩУ
Кщд.Рс.: 101483,24,ИЕУУБЛПНЙКЗУ
Кщд.Рс.: 101427,24,ВПСЕЙПХ ФПМЕБ БИЗНЩН
Кщд.Рс.: 101401,24,БНБФПЛЙКЗУ БФФЙКЗУ
Кщд.Рс.: 101478,24,ИЕУУБЛПНЙКЗУ
Кщд.Рс.: 101459,24,ДХФЙКПХ ФПМЕБ БИЗНЩН
Кщд.Рс.: 101400,24,ДХФЙКЗУ БФФЙКЗУ
Кщд.Рс.: 101426,24,КЕНФСЙКПХ ФПМЕБ БИЗНЩН
Кщд.Рс.: 101467,24,КЕНФСЙКПХ ФПМЕБ БИЗНЩН
Кщд.Рс.: 101456,24,ИЕУУБЛПНЙКЗУ
Кщд.Рс.: 101379,24,ДХФЙКПХ ФПМЕБ БИЗНЩН
Кщд.Рс.: 101446,24,ИЕУУБЛПНЙКЗУ
Кщд.Рс.: 101398,24,ИЕУУБЛПНЙКЗУ
Кщд.Рс.: 101420,24,КЕНФСЙКПХ ФПМЕБ БИЗНЩН
Кщд.Рс.: 101393,24,КЕНФСЙКПХ ФПМЕБ БИЗНЩН
Кщд.Рс.: 101415,24,ДХФЙКПХ ФПМЕБ БИЗНЩН
Кщд.Рс.: 101417,24,КЕНФСЙКПХ ФПМЕБ БИЗНЩН
Кщд.Рс.: 101414,24,ВПСЕЙПХ ФПМЕБ БИЗНЩН
Кщд.Рс.: 101392,24,ИЕУУБЛПНЙКЗУ
Кщд.Рс.: 101405,24,КЕНФСЙКПХ ФПМЕБ БИЗНЩН
Кщд.Рс.: 101419,24,КЕНФСЙКПХ ФПМЕБ БИЗНЩН
Кщд.Рс.: 101425,24,ДХФЙКПХ ФПМЕБ БИЗНЩН
Кщд.Рс.: 101389,24,НПФЙПХ ФПМЕБ БИЗНЩН
Кщд.Рс.: 101289,24,ИЕУУБЛПНЙКЗУ
Кщд.Рс.: 101388,24,НПФЙПХ ФПМЕБ БИЗНЩН
Кщд.Рс.: 101244,24,КЕНФСЙКПХ ФПМЕБ БИЗНЩН
Кщд.Рс.: 101243,24,КЕНФСЙКПХ ФПМЕБ БИЗНЩН
Кщд.Рс.: 101337,24,НПФЙПХ ФПМЕБ БИЗНЩН
Кщд.Рс.: 101357,24,КЕНФСЙКПХ ФПМЕБ БИЗНЩН
Кщд.Рс.: 101356,24,КЕНФСЙКПХ ФПМЕБ БИЗНЩН
Кщд.Рс.: 101358,24,ДХФЙКПХ ФПМЕБ БИЗНЩН
Кщд.Рс.: 101380,24,НПФЙПХ ФПМЕБ БИЗНЩН
Кщд.Рс.: 101353,24,КЕНФСЙКПХ ФПМЕБ БИЗНЩН
Кщд.Рс.: 101385,24,КЕНФСЙКПХ ФПМЕБ БИЗНЩН
Кщд.Рс.: 101359,24,НПФЙПХ ФПМЕБ БИЗНЩН
Кщд.Рс.: 101381,24,РЕЙСБЙЩУ
Кщд.Рс.: 101377,24,БНБФПЛЙКЗУ БФФЙКЗУ
Кщд.Рс.: 101361,24,КЕНФСЙКПХ ФПМЕБ БИЗНЩН
Кщд.Рс.: 101270,24,ВПСЕЙПХ ФПМЕБ БИЗНЩН
Кщд.Рс.: 101416,24,НПФЙПХ ФПМЕБ БИЗНЩН
Кщд.Рс.: 101257,24,ДХФЙКПХ ФПМЕБ БИЗНЩН
Кщд.Рс.: 101336,24,КЕНФСЙКПХ ФПМЕБ БИЗНЩН
Кщд.Рс.: 101360,24,ДХФЙКПХ ФПМЕБ БИЗНЩН
Кщд.Рс.: 101314,24,ВПСЕЙПХ ФПМЕБ БИЗНЩН
Кщд.Рс.: 101384,24,НПФЙПХ ФПМЕБ БИЗНЩН
Кщд.Рс.: 101351,24,ИЕУУБЛПНЙКЗУ
Кщд.Рс.: 101321,24,ИЕУУБЛПНЙКЗУ
Кщд.Рс.: 101322,24,ИЕУУБЛПНЙКЗУ
Кщд.Рс.: 101318,24,КЕНФСЙКПХ ФПМЕБ БИЗНЩН
Кщд.Рс.: 101245,24,КЕНФСЙКПХ ФПМЕБ БИЗНЩН
Кщд.Рс.: 101289,24,ИЕУУБЛПНЙКЗУ
Кщд.Рс.: 101174,24,БНБФПЛЙКЗУ БФФЙКЗУ
Кщд.Рс.: 101330,24,НПФЙПХ ФПМЕБ БИЗНЩН
Кщд.Рс.: 101311,24,КЕНФСЙКПХ ФПМЕБ БИЗНЩН
Кщд.Рс.: 101241,24,РЕЙСБЙЩУ
Кщд.Рс.: 101323,24,ИЕУУБЛПНЙКЗУ
Кщд.Рс.: 101335,24,ДХФЙКЗУ БФФЙКЗУ
Кщд.Рс.: 101294,24,ИЕУУБЛПНЙКЗУ
Кщд.Рс.: 101230,24,ДХФЙКПХ ФПМЕБ БИЗНЩН
Кщд.Рс.: 101260,24,БНБФПЛЙКЗУ БФФЙКЗУ
Кщд.Рс.: 101327,24,ВПСЕЙПХ ФПМЕБ БИЗНЩН
Кщд.Рс.: 101310,24,КЕНФСЙКПХ ФПМЕБ БИЗНЩН
Кщд.Рс.: 101334,24,КЕНФСЙКПХ ФПМЕБ БИЗНЩН
Кщд.Рс.: 101329,24,РЕЙСБЙЩУ
Кщд.Рс.: 101309,24,КЕНФСЙКПХ ФПМЕБ БИЗНЩН
Кщд.Рс.: 101313,24,БНБФПЛЙКЗУ БФФЙКЗУ
Кщд.Рс.: 101305,24,НПФЙПХ ФПМЕБ БИЗНЩН
Кщд.Рс.: 101292,24,ИЕУУБЛПНЙКЗУ
Кщд.Рс.: 101272,24,ВПСЕЙПХ ФПМЕБ БИЗНЩН
Кщд.Рс.: 101263,24,БНБФПЛЙКЗУ БФФЙКЗУ
Кщд.Рс.: 101248,24,НПФЙПХ ФПМЕБ БИЗНЩН
Кщд.Рс.: 101259,24,БНБФПЛЙКЗУ БФФЙКЗУ
Кщд.Рс.: 101291,24,ИЕУУБЛПНЙКЗУ
Кщд.Рс.: 101292,24,ИЕУУБЛПНЙКЗУ
Кщд.Рс.: 101177,24,ВПСЕЙПХ ФПМЕБ БИЗНЩН
Кщд.Рс.: 101288,24,ДХФЙКПХ ФПМЕБ БИЗНЩН
Кщд.Рс.: 101103,24,ВПСЕЙПХ ФПМЕБ БИЗНЩН
Кщд.Рс.: 101292,24,ИЕУУБЛПНЙКЗУ
Кщд.Рс.: 101205,24,ИЕУУБЛПНЙКЗУ
Кщд.Рс.: 101503,24,РЕЙСБЙЩУ
Кщд.Рс.: 101395,24,РЕЙСБЙЩУ
Кщд.Рс.: 101281,24,ИЕУУБЛПНЙКЗУ
Кщд.Рс.: 101268,24,ДХФЙКПХ ФПМЕБ БИЗНЩН
Кщд.Рс.: 101154,24,БНБФПЛЙКЗУ БФФЙКЗУ
Кщд.Рс.: 101276,24,ИЕУУБЛПНЙКЗУ
Кщд.Рс.: 101277,24,ИЕУУБЛПНЙКЗУ
Кщд.Рс.: 101258,24,РЕЙСБЙЩУ
Кщд.Рс.: 101205,24,ИЕУУБЛПНЙКЗУ
Кщд.Рс.: 101266,24,БНБФПЛЙКЗУ БФФЙКЗУ
Кщд.Рс.: 101124,24,НПФЙПХ ФПМЕБ БИЗНЩН
Кщд.Рс.: 101228,24,БНБФПЛЙКЗУ БФФЙКЗУ
Кщд.Рс.: 101178,24,КЕНФСЙКПХ ФПМЕБ БИЗНЩН
Кщд.Рс.: 101334,24,КЕНФСЙКПХ ФПМЕБ БИЗНЩН
Кщд.Рс.: 101353,24,ВПСЕЙПХ ФПМЕБ БИЗНЩН
Кщд.Рс.: 101221,24,НПФЙПХ ФПМЕБ БИЗНЩН
Кщд.Рс.: 101128,24,КЕНФСЙКПХ ФПМЕБ БИЗНЩН
Кщд.Рс.: 101251,24,ДХФЙКПХ ФПМЕБ БИЗНЩН
Кщд.Рс.: 101253,24,КЕНФСЙКПХ ФПМЕБ БИЗНЩН
Кщд.Рс.: 101252,24,КЕНФСЙКПХ ФПМЕБ БИЗНЩН
Кщд.Рс.: 101124,24,НПФЙПХ ФПМЕБ БИЗНЩН
Кщд.Рс.: 101231,24,НПФЙПХ ФПМЕБ БИЗНЩН
Кщд.Рс.: 101294,24,ИЕУУБЛПНЙКЗУ
Кщд.Рс.: 101206,24,ИЕУУБЛПНЙКЗУ
Кщд.Рс.: 101389,24,КЕНФСЙКПХ ФПМЕБ БИЗНЩН
Кщд.Рс.: 101104,24,НПФЙПХ ФПМЕБ БИЗНЩН
Кщд.Рс.: 101166,24,ИЕУУБЛПНЙКЗУ
Кщд.Рс.: 101220,24,НПФЙПХ ФПМЕБ БИЗНЩН
Кщд.Рс.: 101232,24,РЕЙСБЙЩУ
Кщд.Рс.: 101180,24,КЕНФСЙКПХ ФПМЕБ БИЗНЩН
Кщд.Рс.: 101172,24,БНБФПЛЙКЗУ БФФЙКЗУ
Кщд.Рс.: 101217,24,РЕЙСБЙЩУ
Кщд.Рс.: 101166,24,ИЕУУБЛПНЙКЗУ
Кщд.Рс.: 101213,24,ДХФЙКПХ ФПМЕБ БИЗНЩН
Кщд.Рс.: 101214,24,КЕНФСЙКПХ ФПМЕБ БИЗНЩН
Кщд.Рс.: 101204,24,ИЕУУБЛПНЙКЗУ
Кщд.Рс.: 101097,24,НПФЙПХ ФПМЕБ БИЗНЩН
Кщд.Рс.: 101216,24,ВПСЕЙПХ ФПМЕБ БИЗНЩН
Кщд.Рс.: 101204,24,ИЕУУБЛПНЙКЗУ
Кщд.Рс.: 101176,24,РЕЙСБЙЩУ
Кщд.Рс.: 101156,24,БНБФПЛЙКЗУ БФФЙКЗУ
Кщд.Рс.: 101155,24,КЕНФСЙКПХ ФПМЕБ БИЗНЩН
Кщд.Рс.: 101215,24,БНБФПЛЙКЗУ БФФЙКЗУ
Кщд.Рс.: 101189,24,ИЕУУБЛПНЙКЗУ
Кщд.Рс.: 101173,24,ДХФЙКПХ ФПМЕБ БИЗНЩН
Кщд.Рс.: 101181,24,БНБФПЛЙКЗУ БФФЙКЗУ
Кщд.Рс.: 101191,24,ИЕУУБЛПНЙКЗУ
Кщд.Рс.: 101184,24,КЕНФСЙКПХ ФПМЕБ БИЗНЩН
Кщд.Рс.: 101131,24,ДХФЙКПХ ФПМЕБ БИЗНЩН
Кщд.Рс.: 101182,24,БНБФПЛЙКЗУ БФФЙКЗУ
Кщд.Рс.: 101185,24,ИЕУУБЛПНЙКЗУ
Кщд.Рс.: 101126,24,КЕНФСЙКПХ ФПМЕБ БИЗНЩН
Кщд.Рс.: 101175,24,ДХФЙКПХ ФПМЕБ БИЗНЩН
Кщд.Рс.: 101183,24,РЕЙСБЙЩУ
Кщд.Рс.: 101069,24,ВПСЕЙПХ ФПМЕБ БИЗНЩН
Кщд.Рс.: 101138,24,ДХФЙКЗУ БФФЙКЗУ
Кщд.Рс.: 101149,24,ДХФЙКПХ ФПМЕБ БИЗНЩН
Кщд.Рс.: 101129,24,ВПСЕЙПХ ФПМЕБ БИЗНЩН
Кщд.Рс.: 101165,24,КЕНФСЙКПХ ФПМЕБ БИЗНЩН
Кщд.Рс.: 101353,24,ВПСЕЙПХ ФПМЕБ БИЗНЩН
Кщд.Рс.: 101127,24,ДХФЙКЗУ БФФЙКЗУ
Кщд.Рс.: 101118,24,ИЕУУБЛПНЙКЗУ
Кщд.Рс.: 101133,24,БНБФПЛЙКЗУ БФФЙКЗУ
Кщд.Рс.: 101245,24,БНБФПЛЙКЗУ БФФЙКЗУ
Кщд.Рс.: 101144,24,ИЕУУБЛПНЙКЗУ
Кщд.Рс.: 101135,24,ВПСЕЙПХ ФПМЕБ БИЗНЩН
Кщд.Рс.: 101099,24,КЕНФСЙКПХ ФПМЕБ БИЗНЩН
Кщд.Рс.: 101019,24,НПФЙПХ ФПМЕБ БИЗНЩН
Кщд.Рс.: 101137,24,НПФЙПХ ФПМЕБ БИЗНЩН
Кщд.Рс.: 101107,24,НПФЙПХ ФПМЕБ БИЗНЩН
Кщд.Рс.: 101106,24,НПФЙПХ ФПМЕБ БИЗНЩН
Кщд.Рс.: 101143,24,ИЕУУБЛПНЙКЗУ
Кщд.Рс.: 101088,24,ИЕУУБЛПНЙКЗУ
Кщд.Рс.: 101098,24,ВПСЕЙПХ ФПМЕБ БИЗНЩН
Кщд.Рс.: 101385,24,ДХФЙКЗУ БФФЙКЗУ
Кщд.Рс.: 101470,24,ДХФЙКЗУ БФФЙКЗУ
Кщд.Рс.: 101071,24,НПФЙПХ ФПМЕБ БИЗНЩН
Кщд.Рс.: 101015,24,ДХФЙКПХ ФПМЕБ БИЗНЩН
Кщд.Рс.: 101092,24,КЕНФСЙКПХ ФПМЕБ БИЗНЩН
Кщд.Рс.: 101100,24,БНБФПЛЙКЗУ БФФЙКЗУ
Кщд.Рс.: 101101,24,КЕНФСЙКПХ ФПМЕБ БИЗНЩН
Кщд.Рс.: 101074,24,КЕНФСЙКПХ ФПМЕБ БИЗНЩН
Кщд.Рс.: 101094,24,ДХФЙКЗУ БФФЙКЗУ
Кщд.Рс.: 101144,24,ИЕУУБЛПНЙКЗУ
Кщд.Рс.: 101090,24,РЕЙСБЙЩУ
Кщд.Рс.: 101064,24,ИЕУУБЛПНЙКЗУ
Кщд.Рс.: 101070,24,КЕНФСЙКПХ ФПМЕБ БИЗНЩН
Кщд.Рс.: 101032,24,ИЕУУБЛПНЙКЗУ
Кщд.Рс.: 101068,24,БНБФПЛЙКЗУ БФФЙКЗУ
Кщд.Рс.: 101007,24,РЕЙСБЙЩУ
Кщд.Рс.: 100951,24,БНБФПЛЙКЗУ БФФЙКЗУ
Кщд.Рс.: 100910,24,НПФЙПХ ФПМЕБ БИЗНЩН
Кщд.Рс.: 101055,24,ИЕУУБЛПНЙКЗУ
Кщд.Рс.: 101047,24,ДХФЙКПХ ФПМЕБ БИЗНЩН
Кщд.Рс.: 101044,24,РЕЙСБЙЩУ
Кщд.Рс.: 101079,24,ИЕУУБЛПНЙКЗУ
Кщд.Рс.: 101072,24,ДХФЙКПХ ФПМЕБ БИЗНЩН
Кщд.Рс.: 101078,24,КЕНФСЙКПХ ФПМЕБ БИЗНЩН
Кщд.Рс.: 101069,24,БНБФПЛЙКЗУ БФФЙКЗУ
Кщд.Рс.: 101077,24,ДХФЙКПХ ФПМЕБ БИЗНЩН
Кщд.Рс.: 101023,24,БНБФПЛЙКЗУ БФФЙКЗУ
Кщд.Рс.: 101427,24,КЕНФСЙКПХ ФПМЕБ БИЗНЩН
Кщд.Рс.: 101060,24,ИЕУУБЛПНЙКЗУ
Кщд.Рс.: 101037,24,ИЕУУБЛПНЙКЗУ
Кщд.Рс.: 101467,24,НПФЙПХ ФПМЕБ БИЗНЩН
Кщд.Рс.: 101017,24,КЕНФСЙКПХ ФПМЕБ БИЗНЩН
Кщд.Рс.: 101048,24,РЕЙСБЙЩУ
Кщд.Рс.: 101051,24,ВПСЕЙПХ ФПМЕБ БИЗНЩН
Кщд.Рс.: 100988,24,ИЕУУБЛПНЙКЗУ
Кщд.Рс.: 100990,24,ИЕУУБЛПНЙКЗУ
Кщд.Рс.: 100988,24,ИЕУУБЛПНЙКЗУ
Кщд.Рс.: 101018,24,БНБФПЛЙКЗУ БФФЙКЗУ
Кщд.Рс.: 101353,24,ВПСЕЙПХ ФПМЕБ БИЗНЩН
Кщд.Рс.: 100965,24,ИЕУУБЛПНЙКЗУ
Кщд.Рс.: 101033,24,ИЕУУБЛПНЙКЗУ
Кщд.Рс.: 100919,24,ИЕУУБЛПНЙКЗУ
Кщд.Рс.: 100997,24,КЕНФСЙКПХ ФПМЕБ БИЗНЩН
Кщд.Рс.: 100941,24,КЕНФСЙКПХ ФПМЕБ БИЗНЩН
Кщд.Рс.: 100999,24,НПФЙПХ ФПМЕБ БИЗНЩН
Кщд.Рс.: 101006,24,НПФЙПХ ФПМЕБ БИЗНЩН
Кщд.Рс.: 101008,24,РЕЙСБЙЩУ
Кщд.Рс.: 101480,24,ИЕУУБЛПНЙКЗУ
Кщд.Рс.: 100993,24,РЕЙСБЙЩУ
Кщд.Рс.: 100992,24,КЕНФСЙКПХ ФПМЕБ БИЗНЩН
Кщд.Рс.: 100967,24,ВПСЕЙПХ ФПМЕБ БИЗНЩН
Кщд.Рс.: 100970,24,ВПСЕЙПХ ФПМЕБ БИЗНЩН
Кщд.Рс.: 100975,24,НПФЙПХ ФПМЕБ БИЗНЩН
Кщд.Рс.: 100948,24,КЕНФСЙКПХ ФПМЕБ БИЗНЩН
Кщд.Рс.: 100946,24,РЕЙСБЙЩУ
Кщд.Рс.: 100950,24,КЕНФСЙКПХ ФПМЕБ БИЗНЩН
Кщд.Рс.: 100949,24,КЕНФСЙКПХ ФПМЕБ БИЗНЩН
Кщд.Рс.: 101129,24,РЕЙСБЙЩУ
Кщд.Рс.: 100971,24,КЕНФСЙКПХ ФПМЕБ БИЗНЩН
Кщд.Рс.: 100944,24,РЕЙСБЙЩУ
Кщд.Рс.: 101469,24,НПФЙПХ ФПМЕБ БИЗНЩН
Кщд.Рс.: 100882,24,РЕЙСБЙЩУ
Кщд.Рс.: 100933,24,КЕНФСЙКПХ ФПМЕБ БИЗНЩН
Кщд.Рс.: 100956,24,ИЕУУБЛПНЙКЗУ
Кщд.Рс.: 100933,24,КЕНФСЙКПХ ФПМЕБ БИЗНЩН
Кщд.Рс.: 100754,24,КЕНФСЙКПХ ФПМЕБ БИЗНЩН
Кщд.Рс.: 100916,24,ИЕУУБЛПНЙКЗУ
Кщд.Рс.: 100918,24,ИЕУУБЛПНЙКЗУ
Кщд.Рс.: 100925,24,БНБФПЛЙКЗУ БФФЙКЗУ
Кщд.Рс.: 100829,24,БНБФПЛЙКЗУ БФФЙКЗУ
Кщд.Рс.: 100890,24,КЕНФСЙКПХ ФПМЕБ БИЗНЩН
Кщд.Рс.: 100907,24,ИЕУУБЛПНЙКЗУ
Кщд.Рс.: 101214,24,КЕНФСЙКПХ ФПМЕБ БИЗНЩН
Кщд.Рс.: 100877,24,НПФЙПХ ФПМЕБ БИЗНЩН
Кщд.Рс.: 100876,24,КЕНФСЙКПХ ФПМЕБ БИЗНЩН
Кщд.Рс.: 100874,24,ИЕУУБЛПНЙКЗУ
Кщд.Рс.: 101129,24,ВПСЕЙПХ ФПМЕБ БИЗНЩН
Кщд.Рс.: 100914,24,КЕНФСЙКПХ ФПМЕБ БИЗНЩН
Кщд.Рс.: 101353,24,ВПСЕЙПХ ФПМЕБ БИЗНЩН
Кщд.Рс.: 100855,24,ИЕУУБЛПНЙКЗУ
Кщд.Рс.: 100888,24,БНБФПЛЙКЗУ БФФЙКЗУ
Кщд.Рс.: 100917,24,ИЕУУБЛПНЙКЗУ
Кщд.Рс.: 100177,24,РЕЙСБЙЩУ
Кщд.Рс.: 100900,24,ДХФЙКПХ ФПМЕБ БИЗНЩН
Кщд.Рс.: 100913,24,КЕНФСЙКПХ ФПМЕБ БИЗНЩН
Кщд.Рс.: 101268,24,ВПСЕЙПХ ФПМЕБ БИЗНЩН
Кщд.Рс.: 100690,24,ВПСЕЙПХ ФПМЕБ БИЗНЩН
Кщд.Рс.: 100894,24,ИЕУУБЛПНЙКЗУ
Кщд.Рс.: 100863,24,ИЕУУБЛПНЙКЗУ
Кщд.Рс.: 100828,24,КЕНФСЙКПХ ФПМЕБ БИЗНЩН
Кщд.Рс.: 100879,24,ДХФЙКПХ ФПМЕБ БИЗНЩН
Кщд.Рс.: 100841,24,ВПСЕЙПХ ФПМЕБ БИЗНЩН
Кщд.Рс.: 100870,24,НПФЙПХ ФПМЕБ БИЗНЩН
Кщд.Рс.: 100806,24,КЕНФСЙКПХ ФПМЕБ БИЗНЩН
Кщд.Рс.: 100835,24,ИЕУУБЛПНЙКЗУ
Кщд.Рс.: 100843,24,КЕНФСЙКПХ ФПМЕБ БИЗНЩН
Кщд.Рс.: 100842,24,НПФЙПХ ФПМЕБ БИЗНЩН
Кщд.Рс.: 100846,24,ДХФЙКПХ ФПМЕБ БИЗНЩН
Кщд.Рс.: 100800,24,НПФЙПХ ФПМЕБ БИЗНЩН
Кщд.Рс.: 100747,24,РЕЙСБЙЩУ
Кщд.Рс.: 100821,24,ВПСЕЙПХ ФПМЕБ БИЗНЩН
Кщд.Рс.: 101092,24,КЕНФСЙКПХ ФПМЕБ БИЗНЩН
Кщд.Рс.: 101099,24,КЕНФСЙКПХ ФПМЕБ БИЗНЩН
Кщд.Рс.: 100862,24,ИЕУУБЛПНЙКЗУ
Кщд.Рс.: 100782,24,РЕЙСБЙЩУ
Кщд.Рс.: 100770,24,ИЕУУБЛПНЙКЗУ
Кщд.Рс.: 100827,24,НПФЙПХ ФПМЕБ БИЗНЩН
Кщд.Рс.: 100831,24,ИЕУУБЛПНЙКЗУ
Кщд.Рс.: 100765,24,КЕНФСЙКПХ ФПМЕБ БИЗНЩН
Кщд.Рс.: 100768,24,ДХФЙКПХ ФПМЕБ БИЗНЩН
Кщд.Рс.: 100818,24,ДХФЙКПХ ФПМЕБ БИЗНЩН
Кщд.Рс.: 100824,24,ДХФЙКПХ ФПМЕБ БИЗНЩН
Кщд.Рс.: 100997,24,КЕНФСЙКПХ ФПМЕБ БИЗНЩН
Кщд.Рс.: 100740,24,ДХФЙКПХ ФПМЕБ БИЗНЩН
Кщд.Рс.: 100779,24,БНБФПЛЙКЗУ БФФЙКЗУ
Кщд.Рс.: 100779,24,БНБФПЛЙКЗУ БФФЙКЗУ
Кщд.Рс.: 100804,24,КЕНФСЙКПХ ФПМЕБ БИЗНЩН
Кщд.Рс.: 101241,24,РЕЙСБЙЩУ
Кщд.Рс.: 100804,24,КЕНФСЙКПХ ФПМЕБ БИЗНЩН
Кщд.Рс.: 100776,24,РЕЙСБЙЩУ
Кщд.Рс.: 100775,24,РЕЙСБЙЩУ
Кщд.Рс.: 100778,24,КЕНФСЙКПХ ФПМЕБ БИЗНЩН
Кщд.Рс.: 100764,24,ИЕУУБЛПНЙКЗУ
Кщд.Рс.: 100767,24,ИЕУУБЛПНЙКЗУ
Кщд.Рс.: 101353,24,ВПСЕЙПХ ФПМЕБ БИЗНЩН
Кщд.Рс.: 100752,24,КЕНФСЙКПХ ФПМЕБ БИЗНЩН
Кщд.Рс.: 101353,24,ВПСЕЙПХ ФПМЕБ БИЗНЩН
Кщд.Рс.: 100743,24,НПФЙПХ ФПМЕБ БИЗНЩН
Кщд.Рс.: 101074,24,ВПСЕЙПХ ФПМЕБ БИЗНЩН
Кщд.Рс.: 101392,24,ИЕУУБЛПНЙКЗУ
Кщд.Рс.: 100757,24,ИЕУУБЛПНЙКЗУ
Кщд.Рс.: 100753,24,НПФЙПХ ФПМЕБ БИЗНЩН
Кщд.Рс.: 100517,24,НПФЙПХ ФПМЕБ БИЗНЩН
Кщд.Рс.: 100727,24,НПФЙПХ ФПМЕБ БИЗНЩН
Кщд.Рс.: 100724,24,ДХФЙКПХ ФПМЕБ БИЗНЩН
Кщд.Рс.: 100716,24,ИЕУУБЛПНЙКЗУ
Кщд.Рс.: 100679,24,ДХФЙКЗУ БФФЙКЗУ
Кщд.Рс.: 100726,24,ДХФЙКПХ ФПМЕБ БИЗНЩН
Кщд.Рс.: 100722,24,ВПСЕЙПХ ФПМЕБ БИЗНЩН
Кщд.Рс.: 100688,24,ДХФЙКПХ ФПМЕБ БИЗНЩН
Кщд.Рс.: 100668,24,ИЕУУБЛПНЙКЗУ
Кщд.Рс.: 101469,24,КЕНФСЙКПХ ФПМЕБ БИЗНЩН
Кщд.Рс.: 101214,24,ВПСЕЙПХ ФПМЕБ БИЗНЩН
Кщд.Рс.: 101214,24,ВПСЕЙПХ ФПМЕБ БИЗНЩН
Кщд.Рс.: 100681,24,ИЕУУБЛПНЙКЗУ
Кщд.Рс.: 100713,24,КЕНФСЙКПХ ФПМЕБ БИЗНЩН
Кщд.Рс.: 101353,24,ВПСЕЙПХ ФПМЕБ БИЗНЩН
Кщд.Рс.: 101353,24,ВПСЕЙПХ ФПМЕБ БИЗНЩН
Кщд.Рс.: 100682,24,НПФЙПХ ФПМЕБ БИЗНЩН
Кщд.Рс.: 100708,24,ИЕУУБЛПНЙКЗУ
Кщд.Рс.: 101214,24,ВПСЕЙПХ ФПМЕБ БИЗНЩН
Кщд.Рс.: 100527,24,КЕНФСЙКПХ ФПМЕБ БИЗНЩН
Кщд.Рс.: 100618,24,ИЕУУБЛПНЙКЗУ
Кщд.Рс.: 100673,24,ДХФЙКПХ ФПМЕБ БИЗНЩН
Кщд.Рс.: 100672,24,РЕЙСБЙЩУ
Кщд.Рс.: 100925,24,КЕНФСЙКПХ ФПМЕБ БИЗНЩН
Кщд.Рс.: 100632,24,РЕЙСБЙЩУ
Кщд.Рс.: 100671,24,НПФЙПХ ФПМЕБ БИЗНЩН
Кщд.Рс.: 100664,24,ИЕУУБЛПНЙКЗУ
Кщд.Рс.: 100645,24,ИЕУУБЛПНЙКЗУ
Кщд.Рс.: 100653,24,ИЕУУБЛПНЙКЗУ
Кщд.Рс.: 100642,24,ИЕУУБЛПНЙКЗУ
Кщд.Рс.: 100628,24,ИЕУУБЛПНЙКЗУ
Кщд.Рс.: 100835,24,ИЕУУБЛПНЙКЗУ
Кщд.Рс.: 100647,24,РЕЙСБЙЩУ
Кщд.Рс.: 100580,24,КЕНФСЙКПХ ФПМЕБ БИЗНЩН
Кщд.Рс.: 100640,24,ИЕУУБЛПНЙКЗУ
Кщд.Рс.: 100640,24,ИЕУУБЛПНЙКЗУ
Кщд.Рс.: 100579,24,ДХФЙКПХ ФПМЕБ БИЗНЩН
Кщд.Рс.: 100829,24,БНБФПЛЙКЗУ БФФЙКЗУ
Кщд.Рс.: 101353,24,ВПСЕЙПХ ФПМЕБ БИЗНЩН
Кщд.Рс.: 100606,24,ДХФЙКПХ ФПМЕБ БИЗНЩН
Кщд.Рс.: 100609,24,НПФЙПХ ФПМЕБ БИЗНЩН
Кщд.Рс.: 100612,24,КЕНФСЙКПХ ФПМЕБ БИЗНЩН
Кщд.Рс.: 100605,24,БНБФПЛЙКЗУ БФФЙКЗУ
Кщд.Рс.: 100569,24,ИЕУУБЛПНЙКЗУ
Кщд.Рс.: 100621,24,ИЕУУБЛПНЙКЗУ
Кщд.Рс.: 100572,24,ВПСЕЙПХ ФПМЕБ БИЗНЩН
Кщд.Рс.: 100565,24,КЕНФСЙКПХ ФПМЕБ БИЗНЩН
Кщд.Рс.: 100570,24,РЕЙСБЙЩУ
Кщд.Рс.: 100533,24,БНБФПЛЙКЗУ БФФЙКЗУ
Кщд.Рс.: 100565,24,ВПСЕЙПХ ФПМЕБ БИЗНЩН
Кщд.Рс.: 100562,24,КЕНФСЙКПХ ФПМЕБ БИЗНЩН
Кщд.Рс.: 100560,24,ВПСЕЙПХ ФПМЕБ БИЗНЩН
Кщд.Рс.: 100552,24,ИЕУУБЛПНЙКЗУ
Кщд.Рс.: 100513,24,КЕНФСЙКПХ ФПМЕБ БИЗНЩН
Кщд.Рс.: 101266,24,ДХФЙКПХ ФПМЕБ БИЗНЩН
Кщд.Рс.: 100563,24,НПФЙПХ ФПМЕБ БИЗНЩН
Кщд.Рс.: 100512,24,БНБФПЛЙКЗУ БФФЙКЗУ
Кщд.Рс.: 100541,24,НПФЙПХ ФПМЕБ БИЗНЩН
Кщд.Рс.: 100467,24,КЕНФСЙКПХ ФПМЕБ БИЗНЩН
Кщд.Рс.: 100504,24,НПФЙПХ ФПМЕБ БИЗНЩН
Кщд.Рс.: 100515,24,КЕНФСЙКПХ ФПМЕБ БИЗНЩН
Кщд.Рс.: 100879,24,ДХФЙКПХ ФПМЕБ БИЗНЩН
Кщд.Рс.: 100535,24,РЕЙСБЙЩУ
Кщд.Рс.: 100519,24,ИЕУУБЛПНЙКЗУ
Кщд.Рс.: 100506,24,ДХФЙКПХ ФПМЕБ БИЗНЩН
Кщд.Рс.: 101542,24,КЕНФСЙКПХ ФПМЕБ БИЗНЩН
Кщд.Рс.: 100870,24,КЕНФСЙКПХ ФПМЕБ БИЗНЩН
Кщд.Рс.: 100498,24,ИЕУУБЛПНЙКЗУ
Кщд.Рс.: 100510,24,БНБФПЛЙКЗУ БФФЙКЗУ
Кщд.Рс.: 100496,24,ИЕУУБЛПНЙКЗУ
Кщд.Рс.: 101092,24,КЕНФСЙКПХ ФПМЕБ БИЗНЩН
Кщд.Рс.: 101266,24,ДХФЙКПХ ФПМЕБ БИЗНЩН
Кщд.Рс.: 100481,24,КЕНФСЙКПХ ФПМЕБ БИЗНЩН
Кщд.Рс.: 100444,24,ИЕУУБЛПНЙКЗУ
Кщд.Рс.: 100888,24,БНБФПЛЙКЗУ БФФЙКЗУ
Кщд.Рс.: 101092,24,КЕНФСЙКПХ ФПМЕБ БИЗНЩН
Кщд.Рс.: 100479,24,КЕНФСЙКПХ ФПМЕБ БИЗНЩН
Кщд.Рс.: 100458,24,КЕНФСЙКПХ ФПМЕБ БИЗНЩН
Кщд.Рс.: 100487,24,ИЕУУБЛПНЙКЗУ
Кщд.Рс.: 100477,24,КЕНФСЙКПХ ФПМЕБ БИЗНЩН
Кщд.Рс.: 101007,24,РЕЙСБЙЩУ
Кщд.Рс.: 100515,24,КЕНФСЙКПХ ФПМЕБ БИЗНЩН
Кщд.Рс.: 100468,24,КЕНФСЙКПХ ФПМЕБ БИЗНЩН
Кщд.Рс.: 100443,24,БНБФПЛЙКЗУ БФФЙКЗУ
Кщд.Рс.: 100437,24,ДХФЙКПХ ФПМЕБ БИЗНЩН
Кщд.Рс.: 101470,24,ДХФЙКПХ ФПМЕБ БИЗНЩН
Кщд.Рс.: 100419,24,ВПСЕЙПХ ФПМЕБ БИЗНЩН
Кщд.Рс.: 100429,24,ИЕУУБЛПНЙКЗУ
Кщд.Рс.: 100647,24,НПФЙПХ ФПМЕБ БИЗНЩН
Кщд.Рс.: 101092,24,КЕНФСЙКПХ ФПМЕБ БИЗНЩН
Кщд.Рс.: 100424,24,КЕНФСЙКПХ ФПМЕБ БИЗНЩН
Кщд.Рс.: 100757,24,ИЕУУБЛПНЙКЗУ
Кщд.Рс.: 100396,24,БНБФПЛЙКЗУ БФФЙКЗУ
Кщд.Рс.: 100408,24,КЕНФСЙКПХ ФПМЕБ БИЗНЩН
Кщд.Рс.: 100331,24,КЕНФСЙКПХ ФПМЕБ БИЗНЩН
Кщд.Рс.: 100379,24,ДХФЙКПХ ФПМЕБ БИЗНЩН
Кщд.Рс.: 100397,24,НПФЙПХ ФПМЕБ БИЗНЩН
Кщд.Рс.: 100355,24,ДХФЙКПХ ФПМЕБ БИЗНЩН
Кщд.Рс.: 100357,24,КЕНФСЙКПХ ФПМЕБ БИЗНЩН
Кщд.Рс.: 100258,24,КЕНФСЙКПХ ФПМЕБ БИЗНЩН
Кщд.Рс.: 100313,24,КЕНФСЙКПХ ФПМЕБ БИЗНЩН
Кщд.Рс.: 100647,24,РЕЙСБЙЩУ
Кщд.Рс.: 100336,24,КЕНФСЙКПХ ФПМЕБ БИЗНЩН
Кщд.Рс.: 100322,24,КЕНФСЙКПХ ФПМЕБ БИЗНЩН
Кщд.Рс.: 100513,24,КЕНФСЙКПХ ФПМЕБ БИЗНЩН
Кщд.Рс.: 100316,24,КЕНФСЙКПХ ФПМЕБ БИЗНЩН
Кщд.Рс.: 100925,24,БНБФПЛЙКЗУ БФФЙКЗУ
Кщд.Рс.: 100269,24,ДХФЙКЗУ БФФЙКЗУ
Кщд.Рс.: 100324,24,КЕНФСЙКПХ ФПМЕБ БИЗНЩН
Кщд.Рс.: 100249,24,КЕНФСЙКПХ ФПМЕБ БИЗНЩН
Кщд.Рс.: 100332,24,РЕЙСБЙЩУ
Кщд.Рс.: 100179,24,КЕНФСЙКПХ ФПМЕБ БИЗНЩН
Кщд.Рс.: 100314,24,КЕНФСЙКПХ ФПМЕБ БИЗНЩН
Кщд.Рс.: 100302,24,РЕЙСБЙЩУ
Кщд.Рс.: 100176,24,РЕЙСБЙЩУ
Кщд.Рс.: 100227,24,ДХФЙКПХ ФПМЕБ БИЗНЩН
Кщд.Рс.: 100283,24,ДХФЙКПХ ФПМЕБ БИЗНЩН
Кщд.Рс.: 101092,24,КЕНФСЙКПХ ФПМЕБ БИЗНЩН
Кщд.Рс.: 100236,24,КЕНФСЙКПХ ФПМЕБ БИЗНЩН
Кщд.Рс.: 100287,24,КЕНФСЙКПХ ФПМЕБ БИЗНЩН
Кщд.Рс.: 101403,24,РЕЙСБЙЩУ
Кщд.Рс.: 100223,24,ДХФЙКПХ ФПМЕБ БИЗНЩН
Кщд.Рс.: 100205,24,РЕЙСБЙЩУ
Кщд.Рс.: 100208,24,КЕНФСЙКПХ ФПМЕБ БИЗНЩН
Кщд.Рс.: 100226,24,БНБФПЛЙКЗУ БФФЙКЗУ
Кщд.Рс.: 100087,24,ВПСЕЙПХ ФПМЕБ БИЗНЩН
Кщд.Рс.: 100067,24,РЕЙСБЙЩУ
Кщд.Рс.: 100156,24,КЕНФСЙКПХ ФПМЕБ БИЗНЩН
Кщд.Рс.: 100200,24,ДХФЙКПХ ФПМЕБ БИЗНЩН
Кщд.Рс.: 100173,24,КЕНФСЙКПХ ФПМЕБ БИЗНЩН
Кщд.Рс.: 100185,24,ИЕУУБЛПНЙКЗУ
Кщд.Рс.: 100194,24,РЕЙСБЙЩУ
Кщд.Рс.: 100218,24,КЕНФСЙКПХ ФПМЕБ БИЗНЩН
Кщд.Рс.: 100058,24,ВПСЕЙПХ ФПМЕБ БИЗНЩН
Кщд.Рс.: 100130,24,КЕНФСЙКПХ ФПМЕБ БИЗНЩН
Кщд.Рс.: 101459,24,ДХФЙКПХ ФПМЕБ БИЗНЩН
Кщд.Рс.: 100124,24,РЕЙСБЙЩУ
Кщд.Рс.: 100109,24,ДХФЙКПХ ФПМЕБ БИЗНЩН
Кщд.Рс.: 100116,24,РЕЙСБЙЩУ
Кщд.Рс.: 100154,24,ДХФЙКПХ ФПМЕБ БИЗНЩН
Кщд.Рс.: 100151,24,ДХФЙКПХ ФПМЕБ БИЗНЩН
Кщд.Рс.: 100140,24,ДХФЙКЗУ БФФЙКЗУ
Кщд.Рс.: 100138,24,РЕЙСБЙЩУ
Кщд.Рс.: 100146,24,НПФЙПХ ФПМЕБ БИЗНЩН
Кщд.Рс.: 100925,24,БНБФПЛЙКЗУ БФФЙКЗУ
Кщд.Рс.: 100130,24,БНБФПЛЙКЗУ БФФЙКЗУ
Кщд.Рс.: 100153,24,КЕНФСЙКПХ ФПМЕБ БИЗНЩН
Кщд.Рс.: 100102,24,ИЕУУБЛПНЙКЗУ
Кщд.Рс.: 100519,24,ИЕУУБЛПНЙКЗУ
Кщд.Рс.: 100187,24,ИЕУУБЛПНЙКЗУ
Кщд.Рс.: 228483,24,ИЕУУБЛПНЙКЗУ
Кщд.Рс.: 100115,24,ИЕУУБЛПНЙКЗУ
Кщд.Рс.: 100098,24,ИЕУУБЛПНЙКЗУ
Кщд.Рс.: 100123,24,БНБФПЛЙКЗУ БФФЙКЗУ
Кщд.Рс.: 101469,24,НПФЙПХ ФПМЕБ БИЗНЩН
Кщд.Рс.: 100065,24,НПФЙПХ ФПМЕБ БИЗНЩН
Кщд.Рс.: 100487,24,ИЕУУБЛПНЙКЗУ
Кщд.Рс.: 100088,24,ВПСЕЙПХ ФПМЕБ БИЗНЩН
Кщд.Рс.: 100079,24,КЕНФСЙКПХ ФПМЕБ БИЗНЩН
Кщд.Рс.: 100035,24,ВПСЕЙПХ ФПМЕБ БИЗНЩН
Кщд.Рс.: 101205,24,ИЕУУБЛПНЙКЗУ
Кщд.Рс.: 100045,24,ИЕУУБЛПНЙКЗУ
Кщд.Рс.: 100073,24,КЕНФСЙКПХ ФПМЕБ БИЗНЩН
Кщд.Рс.: 100560,24,ВПСЕЙПХ ФПМЕБ БИЗНЩН
Кщд.Рс.: 100026,24,ИЕУУБЛПНЙКЗУ
Кщд.Рс.: 100090,24,ИЕУУБЛПНЙКЗУ
Кщд.Рс.: 100056,24,ИЕУУБЛПНЙКЗУ
Кщд.Рс.: 100879,24,ДХФЙКПХ ФПМЕБ БИЗНЩН
Кщд.Рс.: 118573,24,ДХФЙКЗУ БФФЙКЗУ
Кщд.Рс.: 100036,24,РЕЙСБЙЩУ
Кщд.Рс.: 117599,24,БНБФПЛЙКЗУ БФФЙКЗУ
Кщд.Рс.: 100043,24,НПФЙПХ ФПМЕБ БИЗНЩН
Кщд.Рс.: 120540,24,РЕЙСБЙЩУ
Кщд.Рс.: 100038,24,КЕНФСЙКПХ ФПМЕБ БИЗНЩН
Кщд.Рс.: 118705,24,КЕНФСЙКПХ ФПМЕБ БИЗНЩН
Кщд.Рс.: 100028,24,ИЕУУБЛПНЙКЗУ
Кщд.Рс.: 100130,24,КЕНФСЙКПХ ФПМЕБ БИЗНЩН
Кщд.Рс.: 100012,24,НПФЙПХ ФПМЕБ БИЗНЩН
Кщд.Рс.: 100023,24,РЕЙСБЙЩУ
Кщд.Рс.: 100014,24,БНБФПЛЙКЗУ БФФЙКЗУ
Кщд.Рс.: 116701,24,БНБФПЛЙКЗУ БФФЙКЗУ
Кщд.Рс.: 228610,24,ИЕУУБЛПНЙКЗУ
Кщд.Рс.: 118703,24,ДХФЙКЗУ БФФЙКЗУ
Кщд.Рс.: 100153,24,НПФЙПХ ФПМЕБ БИЗНЩН
Кщд.Рс.: 119540,24,РЕЙСБЙЩУ
Кщд.Рс.: 114408,24,НПФЙПХ ФПМЕБ БИЗНЩН
Кщд.Рс.: 119537,24,РЕЙСБЙЩУ
Кщд.Рс.: 119541,24,РЕЙСБЙЩУ
Кщд.Рс.: 113449,24,КЕНФСЙКПХ ФПМЕБ БИЗНЩН
Кщд.Рс.: 115736,24,НПФЙПХ ФПМЕБ БИЗНЩН
Кщд.Рс.: 116696,24,БНБФПЛЙКЗУ БФФЙКЗУ
Кщд.Рс.: 115745,24,БНБФПЛЙКЗУ БФФЙКЗУ
Кщд.Рс.: 229947,24,ИЕУУБЛПНЙКЗУ
Кщд.Рс.: 118704,24,ДХФЙКПХ ФПМЕБ БИЗНЩН
Кщд.Рс.: 228611,24,ИЕУУБЛПНЙКЗУ
Кщд.Рс.: 110234,24,КЕНФСЙКПХ ФПМЕБ БИЗНЩН
Кщд.Рс.: 228608,24,ИЕУУБЛПНЙКЗУ
Кщд.Рс.: 100102,24,ИЕУУБЛПНЙКЗУ
Кщд.Рс.: 118700,24,ДХФЙКПХ ФПМЕБ БИЗНЩН
Кщд.Рс.: 115746,24,НПФЙПХ ФПМЕБ БИЗНЩН
Кщд.Рс.: 115744,24,НПФЙПХ ФПМЕБ БИЗНЩН
Кщд.Рс.: 114410,24,НПФЙПХ ФПМЕБ БИЗНЩН
Кщд.Рс.: 115741,24,НПФЙПХ ФПМЕБ БИЗНЩН
Кщд.Рс.: 114411,24,НПФЙПХ ФПМЕБ БИЗНЩН
Кщд.Рс.: 115742,24,НПФЙПХ ФПМЕБ БИЗНЩН
Кщд.Рс.: 111332,24,КЕНФСЙКПХ ФПМЕБ БИЗНЩН
Кщд.Рс.: 115743,24,БНБФПЛЙКЗУ БФФЙКЗУ
Кщд.Рс.: 115739,24,НПФЙПХ ФПМЕБ БИЗНЩН
Кщд.Рс.: 116689,24,КЕНФСЙКПХ ФПМЕБ БИЗНЩН
Кщд.Рс.: 229939,24,ИЕУУБЛПНЙКЗУ
Кщд.Рс.: 115738,24,НПФЙПХ ФПМЕБ БИЗНЩН
Кщд.Рс.: 114412,24,КЕНФСЙКПХ ФПМЕБ БИЗНЩН
Кщд.Рс.: 116694,24,КЕНФСЙКПХ ФПМЕБ БИЗНЩН
Кщд.Рс.: 112238,24,КЕНФСЙКПХ ФПМЕБ БИЗНЩН
Кщд.Рс.: 120525,24,РЕЙСБЙЩУ
Кщд.Рс.: 117595,24,ВПСЕЙПХ ФПМЕБ БИЗНЩН
Кщд.Рс.: 113447,24,КЕНФСЙКПХ ФПМЕБ БИЗНЩН
Кщд.Рс.: 228601,24,ИЕУУБЛПНЙКЗУ
Кщд.Рс.: 228605,24,ИЕУУБЛПНЙКЗУ
Кщд.Рс.: 114407,24,НПФЙПХ ФПМЕБ БИЗНЩН
Кщд.Рс.: 118695,24,ДХФЙКПХ ФПМЕБ БИЗНЩН
Кщд.Рс.: 117590,24,БНБФПЛЙКЗУ БФФЙКЗУ
Кщд.Рс.: 229935,24,ИЕУУБЛПНЙКЗУ
Кщд.Рс.: 117592,24,БНБФПЛЙКЗУ БФФЙКЗУ
Кщд.Рс.: 114409,24,КЕНФСЙКПХ ФПМЕБ БИЗНЩН
Кщд.Рс.: 229927,24,ИЕУУБЛПНЙКЗУ
Кщд.Рс.: 116692,24,КЕНФСЙКПХ ФПМЕБ БИЗНЩН
Кщд.Рс.: 229929,24,ИЕУУБЛПНЙКЗУ
Кщд.Рс.: 119536,24,РЕЙСБЙЩУ
Кщд.Рс.: 229928,24,ИЕУУБЛПНЙКЗУ
Кщд.Рс.: 229925,24,ИЕУУБЛПНЙКЗУ
Кщд.Рс.: 111329,24,КЕНФСЙКПХ ФПМЕБ БИЗНЩН
Кщд.Рс.: 116691,24,ВПСЕЙПХ ФПМЕБ БИЗНЩН
Кщд.Рс.: 228600,24,ИЕУУБЛПНЙКЗУ
Кщд.Рс.: 228596,24,ИЕУУБЛПНЙКЗУ
Кщд.Рс.: 100026,24,ИЕУУБЛПНЙКЗУ
Кщд.Рс.: 118694,24,ДХФЙКПХ ФПМЕБ БИЗНЩН
Кщд.Рс.: 116690,24,ВПСЕЙПХ ФПМЕБ БИЗНЩН
Кщд.Рс.: 116686,24,КЕНФСЙКПХ ФПМЕБ БИЗНЩН
Кщд.Рс.: 101542,24,КЕНФСЙКПХ ФПМЕБ БИЗНЩН
Кщд.Рс.: 100879,24,ДХФЙКПХ ФПМЕБ БИЗНЩН
Кщд.Рс.: 101314,24,ВПСЕЙПХ ФПМЕБ БИЗНЩН
Кщд.Рс.: 228599,24,ИЕУУБЛПНЙКЗУ
Кщд.Рс.: 100194,24,ДХФЙКПХ ФПМЕБ БИЗНЩН
Кщд.Рс.: 116687,24,ВПСЕЙПХ ФПМЕБ БИЗНЩН
Кщд.Рс.: 114403,24,НПФЙПХ ФПМЕБ БИЗНЩН
Кщд.Рс.: 113442,24,КЕНФСЙКПХ ФПМЕБ БИЗНЩН
Кщд.Рс.: 229911,24,ИЕУУБЛПНЙКЗУ
Кщд.Рс.: 229913,24,ИЕУУБЛПНЙКЗУ
Кщд.Рс.: 113443,24,КЕНФСЙКПХ ФПМЕБ БИЗНЩН
Кщд.Рс.: 117587,24,ВПСЕЙПХ ФПМЕБ БИЗНЩН
Кщд.Рс.: 229905,24,ИЕУУБЛПНЙКЗУ
Кщд.Рс.: 229909,24,ИЕУУБЛПНЙКЗУ
Кщд.Рс.: 116685,24,БНБФПЛЙКЗУ БФФЙКЗУ
Кщд.Рс.: 119532,24,ДХФЙКПХ ФПМЕБ БИЗНЩН
Кщд.Рс.: 115734,24,НПФЙПХ ФПМЕБ БИЗНЩН
Кщд.Рс.: 228593,24,ИЕУУБЛПНЙКЗУ
Кщд.Рс.: 116683,24,БНБФПЛЙКЗУ БФФЙКЗУ
Кщд.Рс.: 116684,24,ВПСЕЙПХ ФПМЕБ БИЗНЩН
Кщд.Рс.: 118687,24,ДХФЙКПХ ФПМЕБ БИЗНЩН
Кщд.Рс.: 118686,24,ДХФЙКПХ ФПМЕБ БИЗНЩН
Кщд.Рс.: 117581,24,БНБФПЛЙКЗУ БФФЙКЗУ
Кщд.Рс.: 101518,24,ИЕУУБЛПНЙКЗУ
Кщд.Рс.: 101438,24,ИЕУУБЛПНЙКЗУ
Кщд.Рс.: 115732,24,КЕНФСЙКПХ ФПМЕБ БИЗНЩН
Кщд.Рс.: 116681,24,БНБФПЛЙКЗУ БФФЙКЗУ
Кщд.Рс.: 115723,24,БНБФПЛЙКЗУ БФФЙКЗУ
Кщд.Рс.: 119531,24,РЕЙСБЙЩУ
Кщд.Рс.: 115729,24,КЕНФСЙКПХ ФПМЕБ БИЗНЩН
Кщд.Рс.: 117583,24,ВПСЕЙПХ ФПМЕБ БИЗНЩН
Кщд.Рс.: 119529,24,ДХФЙКПХ ФПМЕБ БИЗНЩН
Кщд.Рс.: 113440,24,КЕНФСЙКПХ ФПМЕБ БИЗНЩН
Кщд.Рс.: 115724,24,КЕНФСЙКПХ ФПМЕБ БИЗНЩН
Кщд.Рс.: 114399,24,НПФЙПХ ФПМЕБ БИЗНЩН
Кщд.Рс.: 229892,24,ИЕУУБЛПНЙКЗУ
Кщд.Рс.: 116678,24,ВПСЕЙПХ ФПМЕБ БИЗНЩН
Кщд.Рс.: 114395,24,КЕНФСЙКПХ ФПМЕБ БИЗНЩН
Кщд.Рс.: 229895,24,ИЕУУБЛПНЙКЗУ
Кщд.Рс.: 111325,24,КЕНФСЙКПХ ФПМЕБ БИЗНЩН
Кщд.Рс.: 116677,24,КЕНФСЙКПХ ФПМЕБ БИЗНЩН
Кщд.Рс.: 119524,24,БНБФПЛЙКЗУ БФФЙКЗУ
Кщд.Рс.: 118680,24,ДХФЙКПХ ФПМЕБ БИЗНЩН
Кщд.Рс.: 117595,24,ВПСЕЙПХ ФПМЕБ БИЗНЩН
Кщд.Рс.: 229885,24,ИЕУУБЛПНЙКЗУ
Кщд.Рс.: 115728,24,НПФЙПХ ФПМЕБ БИЗНЩН
Кщд.Рс.: 229891,24,ИЕУУБЛПНЙКЗУ
Кщд.Рс.: 115725,24,НПФЙПХ ФПМЕБ БИЗНЩН
Кщд.Рс.: 229872,24,ИЕУУБЛПНЙКЗУ
Кщд.Рс.: 115714,24,НПФЙПХ ФПМЕБ БИЗНЩН
Кщд.Рс.: 114396,24,КЕНФСЙКПХ ФПМЕБ БИЗНЩН
Кщд.Рс.: 228589,24,ИЕУУБЛПНЙКЗУ
Кщд.Рс.: 115726,24,НПФЙПХ ФПМЕБ БИЗНЩН
Кщд.Рс.: 114397,24,КЕНФСЙКПХ ФПМЕБ БИЗНЩН
Кщд.Рс.: 229886,24,ИЕУУБЛПНЙКЗУ
Кщд.Рс.: 101456,24,ИЕУУБЛПНЙКЗУ
Кщд.Рс.: 114394,24,НПФЙПХ ФПМЕБ БИЗНЩН
Кщд.Рс.: 118682,24,ДХФЙКПХ ФПМЕБ БИЗНЩН
Кщд.Рс.: 112236,24,КЕНФСЙКПХ ФПМЕБ БИЗНЩН
Кщд.Рс.: 118681,24,ДХФЙКЗУ БФФЙКЗУ
Кщд.Рс.: 119527,24,РЕЙСБЙЩУ
Кщд.Рс.: 115722,24,КЕНФСЙКПХ ФПМЕБ БИЗНЩН
Кщд.Рс.: 101272,24,НПФЙПХ ФПМЕБ БИЗНЩН
Кщд.Рс.: 116676,24,ВПСЕЙПХ ФПМЕБ БИЗНЩН
Кщд.Рс.: 120525,24,КЕНФСЙКПХ ФПМЕБ БИЗНЩН
Кщд.Рс.: 116675,24,КЕНФСЙКПХ ФПМЕБ БИЗНЩН
Кщд.Рс.: 114392,24,НПФЙПХ ФПМЕБ БИЗНЩН
Кщд.Рс.: 229879,24,ИЕУУБЛПНЙКЗУ
Кщд.Рс.: 115719,24,НПФЙПХ ФПМЕБ БИЗНЩН
Кщд.Рс.: 229880,24,ИЕУУБЛПНЙКЗУ
Кщд.Рс.: 228587,24,ИЕУУБЛПНЙКЗУ
Кщд.Рс.: 114393,24,НПФЙПХ ФПМЕБ БИЗНЩН
Кщд.Рс.: 110228,24,КЕНФСЙКПХ ФПМЕБ БИЗНЩН
Кщд.Рс.: 229877,24,ИЕУУБЛПНЙКЗУ
Кщд.Рс.: 228584,24,ИЕУУБЛПНЙКЗУ
Кщд.Рс.: 119521,24,РЕЙСБЙЩУ
Кщд.Рс.: 116671,24,ВПСЕЙПХ ФПМЕБ БИЗНЩН
Кщд.Рс.: 113433,24,КЕНФСЙКПХ ФПМЕБ БИЗНЩН
Кщд.Рс.: 113434,24,КЕНФСЙКПХ ФПМЕБ БИЗНЩН
Кщд.Рс.: 116669,24,БНБФПЛЙКЗУ БФФЙКЗУ
Кщд.Рс.: 120434,24,РЕЙСБЙЩУ
Кщд.Рс.: 229875,24,ИЕУУБЛПНЙКЗУ
Кщд.Рс.: 116687,24,ДХФЙКПХ ФПМЕБ БИЗНЩН
Кщд.Рс.: 228580,24,ИЕУУБЛПНЙКЗУ
Кщд.Рс.: 114389,24,РЕЙСБЙЩУ
Кщд.Рс.: 100879,24,ДХФЙКПХ ФПМЕБ БИЗНЩН
Кщд.Рс.: 229866,24,ИЕУУБЛПНЙКЗУ
Кщд.Рс.: 229860,24,ИЕУУБЛПНЙКЗУ
Кщд.Рс.: 100028,24,ИЕУУБЛПНЙКЗУ
Кщд.Рс.: 101260,24,БНБФПЛЙКЗУ БФФЙКЗУ
Кщд.Рс.: 101251,24,ДХФЙКПХ ФПМЕБ БИЗНЩН
Кщд.Рс.: 119516,24,РЕЙСБЙЩУ
Кщд.Рс.: 120438,24,РЕЙСБЙЩУ
Кщд.Рс.: 120438,24,РЕЙСБЙЩУ
Кщд.Рс.: 118667,24,ДХФЙКПХ ФПМЕБ БИЗНЩН
Кщд.Рс.: 100716,24,ИЕУУБЛПНЙКЗУ
Кщд.Рс.: 116663,24,ВПСЕЙПХ ФПМЕБ БИЗНЩН
Кщд.Рс.: 229865,24,ИЕУУБЛПНЙКЗУ
Кщд.Рс.: 116701,24,ВПСЕЙПХ ФПМЕБ БИЗНЩН
Кщд.Рс.: 115711,24,БНБФПЛЙКЗУ БФФЙКЗУ
Кщд.Рс.: 229853,24,ИЕУУБЛПНЙКЗУ
Кщд.Рс.: 100205,24,РЕЙСБЙЩУ
Кщд.Рс.: 120436,24,РЕЙСБЙЩУ
Кщд.Рс.: 229847,24,ИЕУУБЛПНЙКЗУ
Кщд.Рс.: 118668,24,ДХФЙКПХ ФПМЕБ БИЗНЩН
Кщд.Рс.: 228578,24,ИЕУУБЛПНЙКЗУ
Кщд.Рс.: 229856,24,ИЕУУБЛПНЙКЗУ
Кщд.Рс.: 112233,24,КЕНФСЙКПХ ФПМЕБ БИЗНЩН
Кщд.Рс.: 228576,24,ИЕУУБЛПНЙКЗУ
Кщд.Рс.: 119512,24,РЕЙСБЙЩУ
Кщд.Рс.: 120417,24,РЕЙСБЙЩУ
Кщд.Рс.: 118665,24,ДХФЙКПХ ФПМЕБ БИЗНЩН
Кщд.Рс.: 115705,24,БНБФПЛЙКЗУ БФФЙКЗУ
Кщд.Рс.: 111320,24,КЕНФСЙКПХ ФПМЕБ БИЗНЩН
Кщд.Рс.: 117571,24,ВПСЕЙПХ ФПМЕБ БИЗНЩН
Кщд.Рс.: 116656,24,ВПСЕЙПХ ФПМЕБ БИЗНЩН
Кщд.Рс.: 115703,24,НПФЙПХ ФПМЕБ БИЗНЩН
Кщд.Рс.: 100870,24,НПФЙПХ ФПМЕБ БИЗНЩН
Кщд.Рс.: 119510,24,РЕЙСБЙЩУ
Кщд.Рс.: 120420,24,РЕЙСБЙЩУ
Кщд.Рс.: 120413,24,РЕЙСБЙЩУ
Кщд.Рс.: 114385,24,НПФЙПХ ФПМЕБ БИЗНЩН
Кщд.Рс.: 114384,24,РЕЙСБЙЩУ
Кщд.Рс.: 115700,24,НПФЙПХ ФПМЕБ БИЗНЩН
Кщд.Рс.: 111318,24,КЕНФСЙКПХ ФПМЕБ БИЗНЩН
Кщд.Рс.: 115699,24,НПФЙПХ ФПМЕБ БИЗНЩН
Кщд.Рс.: 229840,24,ИЕУУБЛПНЙКЗУ
Кщд.Рс.: 117570,24,БНБФПЛЙКЗУ БФФЙКЗУ
Кщд.Рс.: 117569,24,ВПСЕЙПХ ФПМЕБ БИЗНЩН
Кщд.Рс.: 115693,24,НПФЙПХ ФПМЕБ БИЗНЩН
Кщд.Рс.: 117568,24,ВПСЕЙПХ ФПМЕБ БИЗНЩН
Кщд.Рс.: 115697,24,НПФЙПХ ФПМЕБ БИЗНЩН
Кщд.Рс.: 229837,24,ИЕУУБЛПНЙКЗУ
Кщд.Рс.: 116655,24,ВПСЕЙПХ ФПМЕБ БИЗНЩН
Кщд.Рс.: 100045,24,ИЕУУБЛПНЙКЗУ
Кщд.Рс.: 118659,24,ДХФЙКПХ ФПМЕБ БИЗНЩН
Кщд.Рс.: 120410,24,РЕЙСБЙЩУ
Кщд.Рс.: 114412,24,РЕЙСБЙЩУ
Кщд.Рс.: 228580,24,ИЕУУБЛПНЙКЗУ
Кщд.Рс.: 228580,24,ИЕУУБЛПНЙКЗУ
Кщд.Рс.: 116652,24,БНБФПЛЙКЗУ БФФЙКЗУ
Кщд.Рс.: 113426,24,КЕНФСЙКПХ ФПМЕБ БИЗНЩН
Кщд.Рс.: 116651,24,БНБФПЛЙКЗУ БФФЙКЗУ
Кщд.Рс.: 100397,24,КЕНФСЙКПХ ФПМЕБ БИЗНЩН
Кщд.Рс.: 116649,24,БНБФПЛЙКЗУ БФФЙКЗУ
Кщд.Рс.: 228565,24,ИЕУУБЛПНЙКЗУ
Кщд.Рс.: 228564,24,ИЕУУБЛПНЙКЗУ
Кщд.Рс.: 112230,24,КЕНФСЙКПХ ФПМЕБ БИЗНЩН
Кщд.Рс.: 116647,24,КЕНФСЙКПХ ФПМЕБ БИЗНЩН
Кщд.Рс.: 116646,24,БНБФПЛЙКЗУ БФФЙКЗУ
Кщд.Рс.: 111316,24,КЕНФСЙКПХ ФПМЕБ БИЗНЩН
Кщд.Рс.: 118657,24,ДХФЙКЗУ БФФЙКЗУ
Кщд.Рс.: 228563,24,ИЕУУБЛПНЙКЗУ
Кщд.Рс.: 113424,24,КЕНФСЙКПХ ФПМЕБ БИЗНЩН
Кщд.Рс.: 113423,24,КЕНФСЙКПХ ФПМЕБ БИЗНЩН
Кщд.Рс.: 229831,24,ИЕУУБЛПНЙКЗУ
Кщд.Рс.: 120409,24,РЕЙСБЙЩУ
Кщд.Рс.: 101272,24,ВПСЕЙПХ ФПМЕБ БИЗНЩН
Кщд.Рс.: 118656,24,ДХФЙКПХ ФПМЕБ БИЗНЩН
Кщд.Рс.: 116644,24,КЕНФСЙКПХ ФПМЕБ БИЗНЩН
Кщд.Рс.: 229853,24,ИЕУУБЛПНЙКЗУ
Кщд.Рс.: 228559,24,ИЕУУБЛПНЙКЗУ
Кщд.Рс.: 118653,24,ДХФЙКЗУ БФФЙКЗУ
Кщд.Рс.: 118654,24,ДХФЙКЗУ БФФЙКЗУ
Кщд.Рс.: 118652,24,ДХФЙКЗУ БФФЙКЗУ
Кщд.Рс.: 114378,24,НПФЙПХ ФПМЕБ БИЗНЩН
Кщд.Рс.: 120406,24,РЕЙСБЙЩУ
Кщд.Рс.: 228555,24,ИЕУУБЛПНЙКЗУ
Кщд.Рс.: 228558,24,ИЕУУБЛПНЙКЗУ
Кщд.Рс.: 117562,24,ВПСЕЙПХ ФПМЕБ БИЗНЩН
Кщд.Рс.: 100102,24,ИЕУУБЛПНЙКЗУ
Кщд.Рс.: 115689,24,БНБФПЛЙКЗУ БФФЙКЗУ
Кщд.Рс.: 229837,24,ИЕУУБЛПНЙКЗУ
Кщд.Рс.: 101090,24,ДХФЙКПХ ФПМЕБ БИЗНЩН
Кщд.Рс.: 111308,24,КЕНФСЙКПХ ФПМЕБ БИЗНЩН
Кщд.Рс.: 115686,24,НПФЙПХ ФПМЕБ БИЗНЩН
Кщд.Рс.: 115685,24,НПФЙПХ ФПМЕБ БИЗНЩН
Кщд.Рс.: 111314,24,КЕНФСЙКПХ ФПМЕБ БИЗНЩН
Кщд.Рс.: 115687,24,НПФЙПХ ФПМЕБ БИЗНЩН
Кщд.Рс.: 118651,24,ДХФЙКПХ ФПМЕБ БИЗНЩН
Кщд.Рс.: 119504,24,РЕЙСБЙЩУ
Кщд.Рс.: 118650,24,ДХФЙКПХ ФПМЕБ БИЗНЩН
Кщд.Рс.: 118648,24,ДХФЙКЗУ БФФЙКЗУ
Кщд.Рс.: 117561,24,ВПСЕЙПХ ФПМЕБ БИЗНЩН
Кщд.Рс.: 119501,24,РЕЙСБЙЩУ
Кщд.Рс.: 113417,24,КЕНФСЙКПХ ФПМЕБ БИЗНЩН
Кщд.Рс.: 229814,24,ИЕУУБЛПНЙКЗУ
Кщд.Рс.: 111302,24,КЕНФСЙКПХ ФПМЕБ БИЗНЩН
Кщд.Рс.: 119500,24,РЕЙСБЙЩУ
Кщд.Рс.: 114375,24,НПФЙПХ ФПМЕБ БИЗНЩН
Кщд.Рс.: 117557,24,ВПСЕЙПХ ФПМЕБ БИЗНЩН
Кщд.Рс.: 229807,24,ИЕУУБЛПНЙКЗУ
Кщд.Рс.: 113416,24,КЕНФСЙКПХ ФПМЕБ БИЗНЩН
Кщд.Рс.: 111301,24,КЕНФСЙКПХ ФПМЕБ БИЗНЩН
Кщд.Рс.: 116634,24,КЕНФСЙКПХ ФПМЕБ БИЗНЩН
Кщд.Рс.: 100653,24,ИЕУУБЛПНЙКЗУ
Кщд.Рс.: 115681,24,НПФЙПХ ФПМЕБ БИЗНЩН
Кщд.Рс.: 118645,24,ДХФЙКПХ ФПМЕБ БИЗНЩН
Кщд.Рс.: 110221,24,КЕНФСЙКПХ ФПМЕБ БИЗНЩН
Кщд.Рс.: 118644,24,ДХФЙКПХ ФПМЕБ БИЗНЩН
Кщд.Рс.: 114370,24,НПФЙПХ ФПМЕБ БИЗНЩН
Кщд.Рс.: 111300,24,КЕНФСЙКПХ ФПМЕБ БИЗНЩН
Кщд.Рс.: 113414,24,КЕНФСЙКПХ ФПМЕБ БИЗНЩН
Кщд.Рс.: 118643,24,ДХФЙКПХ ФПМЕБ БИЗНЩН
Кщд.Рс.: 229802,24,ИЕУУБЛПНЙКЗУ
Кщд.Рс.: 228551,24,ИЕУУБЛПНЙКЗУ
Кщд.Рс.: 117552,24,БНБФПЛЙКЗУ БФФЙКЗУ
Кщд.Рс.: 119497,24,РЕЙСБЙЩУ
Кщд.Рс.: 116631,24,БНБФПЛЙКЗУ БФФЙКЗУ
Кщд.Рс.: 120403,24,РЕЙСБЙЩУ
Кщд.Рс.: 118639,24,ДХФЙКПХ ФПМЕБ БИЗНЩН
Кщд.Рс.: 116629,24,БНБФПЛЙКЗУ БФФЙКЗУ
Кщд.Рс.: 118638,24,ДХФЙКЗУ БФФЙКЗУ
Кщд.Рс.: 113412,24,КЕНФСЙКПХ ФПМЕБ БИЗНЩН
Кщд.Рс.: 119496,24,РЕЙСБЙЩУ
Кщд.Рс.: 118636,24,ДХФЙКПХ ФПМЕБ БИЗНЩН
Кщд.Рс.: 229799,24,ИЕУУБЛПНЙКЗУ
Кщд.Рс.: 118633,24,ДХФЙКПХ ФПМЕБ БИЗНЩН
Кщд.Рс.: 118632,24,ДХФЙКЗУ БФФЙКЗУ
Кщд.Рс.: 229798,24,ИЕУУБЛПНЙКЗУ
Кщд.Рс.: 112227,24,КЕНФСЙКПХ ФПМЕБ БИЗНЩН
Кщд.Рс.: 114368,24,НПФЙПХ ФПМЕБ БИЗНЩН
Кщд.Рс.: 229847,24,ИЕУУБЛПНЙКЗУ
Кщд.Рс.: 118629,24,ДХФЙКПХ ФПМЕБ БИЗНЩН
Кщд.Рс.: 119492,24,ДХФЙКПХ ФПМЕБ БИЗНЩН
Кщд.Рс.: 115673,24,НПФЙПХ ФПМЕБ БИЗНЩН
Кщд.Рс.: 118628,24,ДХФЙКПХ ФПМЕБ БИЗНЩН
Кщд.Рс.: 119491,24,РЕЙСБЙЩУ
Кщд.Рс.: 118627,24,ДХФЙКПХ ФПМЕБ БИЗНЩН
Кщд.Рс.: 117549,24,ВПСЕЙПХ ФПМЕБ БИЗНЩН
Кщд.Рс.: 113410,24,КЕНФСЙКПХ ФПМЕБ БИЗНЩН
Кщд.Рс.: 116626,24,КЕНФСЙКПХ ФПМЕБ БИЗНЩН
Кщд.Рс.: 116623,24,БНБФПЛЙКЗУ БФФЙКЗУ
Кщд.Рс.: 116622,24,БНБФПЛЙКЗУ БФФЙКЗУ
Кщд.Рс.: 120395,24,РЕЙСБЙЩУ
Кщд.Рс.: 115671,24,КЕНФСЙКПХ ФПМЕБ БИЗНЩН
Кщд.Рс.: 228541,24,ИЕУУБЛПНЙКЗУ
Кщд.Рс.: 119488,24,ДХФЙКПХ ФПМЕБ БИЗНЩН
Кщд.Рс.: 113406,24,КЕНФСЙКПХ ФПМЕБ БИЗНЩН
Кщд.Рс.: 115668,24,КЕНФСЙКПХ ФПМЕБ БИЗНЩН
Кщд.Рс.: 229792,24,ИЕУУБЛПНЙКЗУ
Кщд.Рс.: 116621,24,КЕНФСЙКПХ ФПМЕБ БИЗНЩН
Кщд.Рс.: 119489,24,ДХФЙКПХ ФПМЕБ БИЗНЩН
Кщд.Рс.: 115665,24,НПФЙПХ ФПМЕБ БИЗНЩН
Кщд.Рс.: 228540,24,ИЕУУБЛПНЙКЗУ
Кщд.Рс.: 229788,24,ИЕУУБЛПНЙКЗУ
Кщд.Рс.: 118622,24,ДХФЙКПХ ФПМЕБ БИЗНЩН
Кщд.Рс.: 118621,24,ДХФЙКПХ ФПМЕБ БИЗНЩН
Кщд.Рс.: 116617,24,КЕНФСЙКПХ ФПМЕБ БИЗНЩН
Кщд.Рс.: 110218,24,КЕНФСЙКПХ ФПМЕБ БИЗНЩН
Кщд.Рс.: 113404,24,КЕНФСЙКПХ ФПМЕБ БИЗНЩН
Кщд.Рс.: 228539,24,ИЕУУБЛПНЙКЗУ
Кщд.Рс.: 120394,24,РЕЙСБЙЩУ
Кщд.Рс.: 115661,24,НПФЙПХ ФПМЕБ БИЗНЩН
Кщд.Рс.: 113403,24,КЕНФСЙКПХ ФПМЕБ БИЗНЩН
Кщд.Рс.: 118620,24,ДХФЙКПХ ФПМЕБ БИЗНЩН
Кщд.Рс.: 229783,24,ИЕУУБЛПНЙКЗУ
Кщд.Рс.: 116613,24,КЕНФСЙКПХ ФПМЕБ БИЗНЩН
Кщд.Рс.: 112226,24,КЕНФСЙКПХ ФПМЕБ БИЗНЩН
Кщд.Рс.: 117544,24,БНБФПЛЙКЗУ БФФЙКЗУ
Кщд.Рс.: 118619,24,ДХФЙКЗУ БФФЙКЗУ
Кщд.Рс.: 228533,24,ИЕУУБЛПНЙКЗУ
Кщд.Рс.: 115658,24,НПФЙПХ ФПМЕБ БИЗНЩН
Кщд.Рс.: 228531,24,ИЕУУБЛПНЙКЗУ
Кщд.Рс.: 120390,24,РЕЙСБЙЩУ
Кщд.Рс.: 117541,24,ВПСЕЙПХ ФПМЕБ БИЗНЩН
Кщд.Рс.: 120388,24,РЕЙСБЙЩУ
Кщд.Рс.: 113401,24,КЕНФСЙКПХ ФПМЕБ БИЗНЩН
Кщд.Рс.: 100716,24,ИЕУУБЛПНЙКЗУ
Кщд.Рс.: 115656,24,НПФЙПХ ФПМЕБ БИЗНЩН
Кщд.Рс.: 119482,24,РЕЙСБЙЩУ
Кщд.Рс.: 117539,24,КЕНФСЙКПХ ФПМЕБ БИЗНЩН
Кщд.Рс.: 114366,24,НПФЙПХ ФПМЕБ БИЗНЩН
Кщд.Рс.: 229773,24,ИЕУУБЛПНЙКЗУ
Кщд.Рс.: 100949,24,КЕНФСЙКПХ ФПМЕБ БИЗНЩН
Кщд.Рс.: 113396,24,КЕНФСЙКПХ ФПМЕБ БИЗНЩН
Кщд.Рс.: 115742,24,НПФЙПХ ФПМЕБ БИЗНЩН
Кщд.Рс.: 117535,24,ВПСЕЙПХ ФПМЕБ БИЗНЩН
Кщд.Рс.: 100504,24,НПФЙПХ ФПМЕБ БИЗНЩН
Кщд.Рс.: 113395,24,КЕНФСЙКПХ ФПМЕБ БИЗНЩН
Кщд.Рс.: 228524,24,ИЕУУБЛПНЙКЗУ
Кщд.Рс.: 228523,24,ИЕУУБЛПНЙКЗУ
Кщд.Рс.: 112220,24,КЕНФСЙКПХ ФПМЕБ БИЗНЩН
Кщд.Рс.: 101360,24,ДХФЙКПХ ФПМЕБ БИЗНЩН
Кщд.Рс.: 114363,24,РЕЙСБЙЩУ
Кщд.Рс.: 228522,24,ИЕУУБЛПНЙКЗУ
Кщд.Рс.: 116605,24,БНБФПЛЙКЗУ БФФЙКЗУ
Кщд.Рс.: 115649,24,НПФЙПХ ФПМЕБ БИЗНЩН
Кщд.Рс.: 116604,24,КЕНФСЙКПХ ФПМЕБ БИЗНЩН
Кщд.Рс.: 115648,24,КЕНФСЙКПХ ФПМЕБ БИЗНЩН
Кщд.Рс.: 110215,24,КЕНФСЙКПХ ФПМЕБ БИЗНЩН
Кщд.Рс.: 112219,24,КЕНФСЙКПХ ФПМЕБ БИЗНЩН
Кщд.Рс.: 228521,24,ИЕУУБЛПНЙКЗУ
Кщд.Рс.: 120387,24,РЕЙСБЙЩУ
Кщд.Рс.: 228519,24,ИЕУУБЛПНЙКЗУ
Кщд.Рс.: 228520,24,ИЕУУБЛПНЙКЗУ
Кщд.Рс.: 120384,24,РЕЙСБЙЩУ
Кщд.Рс.: 114362,24,КЕНФСЙКПХ ФПМЕБ БИЗНЩН
Кщд.Рс.: 115644,24,КЕНФСЙКПХ ФПМЕБ БИЗНЩН
Кщд.Рс.: 228515,24,ИЕУУБЛПНЙКЗУ
Кщд.Рс.: 118609,24,ДХФЙКПХ ФПМЕБ БИЗНЩН
Кщд.Рс.: 229757,24,ИЕУУБЛПНЙКЗУ
Кщд.Рс.: 118610,24,ДХФЙКПХ ФПМЕБ БИЗНЩН
Кщд.Рс.: 115642,24,КЕНФСЙКПХ ФПМЕБ БИЗНЩН
Кщд.Рс.: 120383,24,РЕЙСБЙЩУ
Кщд.Рс.: 110213,24,КЕНФСЙКПХ ФПМЕБ БИЗНЩН
Кщд.Рс.: 118607,24,ДХФЙКЗУ БФФЙКЗУ
Кщд.Рс.: 115673,24,НПФЙПХ ФПМЕБ БИЗНЩН
Кщд.Рс.: 118606,24,ДХФЙКПХ ФПМЕБ БИЗНЩН
Кщд.Рс.: 116602,24,БНБФПЛЙКЗУ БФФЙКЗУ
Кщд.Рс.: 112218,24,КЕНФСЙКПХ ФПМЕБ БИЗНЩН
Кщд.Рс.: 113388,24,КЕНФСЙКПХ ФПМЕБ БИЗНЩН
Кщд.Рс.: 228511,24,ИЕУУБЛПНЙКЗУ
Кщд.Рс.: 228512,24,ИЕУУБЛПНЙКЗУ
Кщд.Рс.: 113386,24,КЕНФСЙКПХ ФПМЕБ БИЗНЩН
Кщд.Рс.: 116598,24,БНБФПЛЙКЗУ БФФЙКЗУ
Кщд.Рс.: 120381,24,РЕЙСБЙЩУ
Кщд.Рс.: 113385,24,КЕНФСЙКПХ ФПМЕБ БИЗНЩН
Кщд.Рс.: 112215,24,КЕНФСЙКПХ ФПМЕБ БИЗНЩН
Кщд.Рс.: 111287,24,КЕНФСЙКПХ ФПМЕБ БИЗНЩН
Кщд.Рс.: 115632,24,КЕНФСЙКПХ ФПМЕБ БИЗНЩН
Кщд.Рс.: 117525,24,БНБФПЛЙКЗУ БФФЙКЗУ
Кщд.Рс.: 114357,24,НПФЙПХ ФПМЕБ БИЗНЩН
Кщд.Рс.: 116701,24,ВПСЕЙПХ ФПМЕБ БИЗНЩН
Кщд.Рс.: 100612,24,КЕНФСЙКПХ ФПМЕБ БИЗНЩН
Кщд.Рс.: 115631,24,НПФЙПХ ФПМЕБ БИЗНЩН
Кщд.Рс.: 116593,24,ВПСЕЙПХ ФПМЕБ БИЗНЩН
Кщд.Рс.: 117522,24,ВПСЕЙПХ ФПМЕБ БИЗНЩН
Кщд.Рс.: 119470,24,РЕЙСБЙЩУ
Кщд.Рс.: 116592,24,КЕНФСЙКПХ ФПМЕБ БИЗНЩН
Кщд.Рс.: 229745,24,ИЕУУБЛПНЙКЗУ
Кщд.Рс.: 119469,24,РЕЙСБЙЩУ
Кщд.Рс.: 118596,24,ДХФЙКЗУ БФФЙКЗУ
Кщд.Рс.: 229742,24,ИЕУУБЛПНЙКЗУ
Кщд.Рс.: 228504,24,ИЕУУБЛПНЙКЗУ
Кщд.Рс.: 100569,24,ИЕУУБЛПНЙКЗУ
Кщд.Рс.: 116589,24,ВПСЕЙПХ ФПМЕБ БИЗНЩН
Кщд.Рс.: 228503,24,ИЕУУБЛПНЙКЗУ
Кщд.Рс.: 115627,24,КЕНФСЙКПХ ФПМЕБ БИЗНЩН
Кщд.Рс.: 118593,24,ДХФЙКПХ ФПМЕБ БИЗНЩН
Кщд.Рс.: 114354,24,НПФЙПХ ФПМЕБ БИЗНЩН
Кщд.Рс.: 113383,24,КЕНФСЙКПХ ФПМЕБ БИЗНЩН
Кщд.Рс.: 114353,24,КЕНФСЙКПХ ФПМЕБ БИЗНЩН
Кщд.Рс.: 118594,24,ДХФЙКПХ ФПМЕБ БИЗНЩН
Кщд.Рс.: 115625,24,НПФЙПХ ФПМЕБ БИЗНЩН
Кщд.Рс.: 115626,24,НПФЙПХ ФПМЕБ БИЗНЩН
Кщд.Рс.: 120380,24,РЕЙСБЙЩУ
Кщд.Рс.: 228501,24,ИЕУУБЛПНЙКЗУ
Кщд.Рс.: 115624,24,КЕНФСЙКПХ ФПМЕБ БИЗНЩН
Кщд.Рс.: 110211,24,КЕНФСЙКПХ ФПМЕБ БИЗНЩН
Кщд.Рс.: 120378,24,РЕЙСБЙЩУ
Кщд.Рс.: 113379,24,КЕНФСЙКПХ ФПМЕБ БИЗНЩН
Кщд.Рс.: 115621,24,НПФЙПХ ФПМЕБ БИЗНЩН
Кщд.Рс.: 111281,24,КЕНФСЙКПХ ФПМЕБ БИЗНЩН
Кщд.Рс.: 113378,24,КЕНФСЙКПХ ФПМЕБ БИЗНЩН
Кщд.Рс.: 114350,24,РЕЙСБЙЩУ
Кщд.Рс.: 228495,24,ИЕУУБЛПНЙКЗУ
Кщд.Рс.: 117515,24,ВПСЕЙПХ ФПМЕБ БИЗНЩН
Кщд.Рс.: 110209,24,КЕНФСЙКПХ ФПМЕБ БИЗНЩН
Кщд.Рс.: 229729,24,ИЕУУБЛПНЙКЗУ
Кщд.Рс.: 110208,24,КЕНФСЙКПХ ФПМЕБ БИЗНЩН
Кщд.Рс.: 120376,24,РЕЙСБЙЩУ
Кщд.Рс.: 120377,24,РЕЙСБЙЩУ
Кщд.Рс.: 113376,24,КЕНФСЙКПХ ФПМЕБ БИЗНЩН
Кщд.Рс.: 119461,24,РЕЙСБЙЩУ
Кщд.Рс.: 119458,24,ДХФЙКПХ ФПМЕБ БИЗНЩН
Кщд.Рс.: 111273,24,КЕНФСЙКПХ ФПМЕБ БИЗНЩН
Кщд.Рс.: 119457,24,ДХФЙКПХ ФПМЕБ БИЗНЩН
Кщд.Рс.: 117508,24,ВПСЕЙПХ ФПМЕБ БИЗНЩН
Кщд.Рс.: 110206,24,КЕНФСЙКПХ ФПМЕБ БИЗНЩН
Кщд.Рс.: 111271,24,КЕНФСЙКПХ ФПМЕБ БИЗНЩН
Кщд.Рс.: 118577,24,ДХФЙКПХ ФПМЕБ БИЗНЩН
Кщд.Рс.: 118575,24,ДХФЙКПХ ФПМЕБ БИЗНЩН
Кщд.Рс.: 118576,24,ДХФЙКПХ ФПМЕБ БИЗНЩН
Кщд.Рс.: 118574,24,ДХФЙКПХ ФПМЕБ БИЗНЩН
Кщд.Рс.: 114345,24,КЕНФСЙКПХ ФПМЕБ БИЗНЩН
Кщд.Рс.: 114344,24,НПФЙПХ ФПМЕБ БИЗНЩН
Кщд.Рс.: 116573,24,КЕНФСЙКПХ ФПМЕБ БИЗНЩН
Кщд.Рс.: 116572,24,КЕНФСЙКПХ ФПМЕБ БИЗНЩН
Кщд.Рс.: 113369,24,КЕНФСЙКПХ ФПМЕБ БИЗНЩН
Кщд.Рс.: 229927,24,ИЕУУБЛПНЙКЗУ
Кщд.Рс.: 229715,24,ИЕУУБЛПНЙКЗУ
Кщд.Рс.: 111268,24,КЕНФСЙКПХ ФПМЕБ БИЗНЩН
Кщд.Рс.: 100900,24,ДХФЙКПХ ФПМЕБ БИЗНЩН
Кщд.Рс.: 118567,24,ДХФЙКПХ ФПМЕБ БИЗНЩН
Кщд.Рс.: 117502,24,ВПСЕЙПХ ФПМЕБ БИЗНЩН
Кщд.Рс.: 118568,24,ДХФЙКПХ ФПМЕБ БИЗНЩН
Кщд.Рс.: 119454,24,ДХФЙКПХ ФПМЕБ БИЗНЩН
Кщд.Рс.: 229710,24,ИЕУУБЛПНЙКЗУ
Кщд.Рс.: 110204,24,КЕНФСЙКПХ ФПМЕБ БИЗНЩН
Кщд.Рс.: 229708,24,ИЕУУБЛПНЙКЗУ
Кщд.Рс.: 116566,24,БНБФПЛЙКЗУ БФФЙКЗУ
Кщд.Рс.: 117500,24,ВПСЕЙПХ ФПМЕБ БИЗНЩН
Кщд.Рс.: 110193,24,КЕНФСЙКПХ ФПМЕБ БИЗНЩН
Кщд.Рс.: 117498,24,ВПСЕЙПХ ФПМЕБ БИЗНЩН
Кщд.Рс.: 111265,24,КЕНФСЙКПХ ФПМЕБ БИЗНЩН
Кщд.Рс.: 114339,24,НПФЙПХ ФПМЕБ БИЗНЩН
Кщд.Рс.: 111263,24,КЕНФСЙКПХ ФПМЕБ БИЗНЩН
Кщд.Рс.: 119451,24,ДХФЙКПХ ФПМЕБ БИЗНЩН
Кщд.Рс.: 229700,24,ИЕУУБЛПНЙКЗУ
Кщд.Рс.: 120378,24,РЕЙСБЙЩУ
Кщд.Рс.: 118561,24,ДХФЙКПХ ФПМЕБ БИЗНЩН
Кщд.Рс.: 229698,24,ИЕУУБЛПНЙКЗУ
Кщд.Рс.: 116559,24,БНБФПЛЙКЗУ БФФЙКЗУ
Кщд.Рс.: 229694,24,ИЕУУБЛПНЙКЗУ
Кщд.Рс.: 111260,24,КЕНФСЙКПХ ФПМЕБ БИЗНЩН
Кщд.Рс.: 100357,24,КЕНФСЙКПХ ФПМЕБ БИЗНЩН
Кщд.Рс.: 120360,24,РЕЙСБЙЩУ
Кщд.Рс.: 118558,24,ДХФЙКПХ ФПМЕБ БИЗНЩН
Кщд.Рс.: 228475,24,ИЕУУБЛПНЙКЗУ
Кщд.Рс.: 115602,24,НПФЙПХ ФПМЕБ БИЗНЩН
Кщд.Рс.: 115600,24,НПФЙПХ ФПМЕБ БИЗНЩН
Кщд.Рс.: 113359,24,КЕНФСЙКПХ ФПМЕБ БИЗНЩН
Кщд.Рс.: 112204,24,КЕНФСЙКПХ ФПМЕБ БИЗНЩН
Кщд.Рс.: 112203,24,КЕНФСЙКПХ ФПМЕБ БИЗНЩН
Кщд.Рс.: 116552,24,ВПСЕЙПХ ФПМЕБ БИЗНЩН
Кщд.Рс.: 120357,24,РЕЙСБЙЩУ
Кщд.Рс.: 114333,24,КЕНФСЙКПХ ФПМЕБ БИЗНЩН
Кщд.Рс.: 119447,24,РЕЙСБЙЩУ
Кщд.Рс.: 118555,24,ДХФЙКПХ ФПМЕБ БИЗНЩН
Кщд.Рс.: 111258,24,КЕНФСЙКПХ ФПМЕБ БИЗНЩН
Кщд.Рс.: 112201,24,КЕНФСЙКПХ ФПМЕБ БИЗНЩН
Кщд.Рс.: 110189,24,КЕНФСЙКПХ ФПМЕБ БИЗНЩН
Кщд.Рс.: 228596,24,ИЕУУБЛПНЙКЗУ
Кщд.Рс.: 118633,24,ДХФЙКПХ ФПМЕБ БИЗНЩН
Кщд.Рс.: 101253,24,КЕНФСЙКПХ ФПМЕБ БИЗНЩН
Кщд.Рс.: 115596,24,НПФЙПХ ФПМЕБ БИЗНЩН
Кщд.Рс.: 100949,24,ДХФЙКПХ ФПМЕБ БИЗНЩН
Кщд.Рс.: 117483,24,БНБФПЛЙКЗУ БФФЙКЗУ
Кщд.Рс.: 110188,24,КЕНФСЙКПХ ФПМЕБ БИЗНЩН
Кщд.Рс.: 113352,24,КЕНФСЙКПХ ФПМЕБ БИЗНЩН
Кщд.Рс.: 117481,24,ВПСЕЙПХ ФПМЕБ БИЗНЩН
Кщд.Рс.: 117482,24,ВПСЕЙПХ ФПМЕБ БИЗНЩН
Кщд.Рс.: 116547,24,КЕНФСЙКПХ ФПМЕБ БИЗНЩН
Кщд.Рс.: 118546,24,ДХФЙКПХ ФПМЕБ БИЗНЩН
Кщд.Рс.: 113350,24,КЕНФСЙКПХ ФПМЕБ БИЗНЩН
Кщд.Рс.: 114325,24,НПФЙПХ ФПМЕБ БИЗНЩН
Кщд.Рс.: 117478,24,БНБФПЛЙКЗУ БФФЙКЗУ
Кщд.Рс.: 100424,24,КЕНФСЙКПХ ФПМЕБ БИЗНЩН
Кщд.Рс.: 118545,24,ДХФЙКПХ ФПМЕБ БИЗНЩН
Кщд.Рс.: 119434,24,РЕЙСБЙЩУ
Кщд.Рс.: 116524,24,КЕНФСЙКПХ ФПМЕБ БИЗНЩН
Кщд.Рс.: 114320,24,НПФЙПХ ФПМЕБ БИЗНЩН
Кщд.Рс.: 116589,24,ВПСЕЙПХ ФПМЕБ БИЗНЩН
Кщд.Рс.: 118538,24,ДХФЙКПХ ФПМЕБ БИЗНЩН
Кщд.Рс.: 115589,24,НПФЙПХ ФПМЕБ БИЗНЩН
Кщд.Рс.: 113344,24,КЕНФСЙКПХ ФПМЕБ БИЗНЩН
Кщд.Рс.: 112199,24,КЕНФСЙКПХ ФПМЕБ БИЗНЩН
Кщд.Рс.: 116526,24,КЕНФСЙКПХ ФПМЕБ БИЗНЩН
Кщд.Рс.: 117473,24,ВПСЕЙПХ ФПМЕБ БИЗНЩН
Кщд.Рс.: 116522,24,ВПСЕЙПХ ФПМЕБ БИЗНЩН
Кщд.Рс.: 228452,24,ИЕУУБЛПНЙКЗУ
Кщд.Рс.: 116523,24,КЕНФСЙКПХ ФПМЕБ БИЗНЩН
Кщд.Рс.: 110181,24,КЕНФСЙКПХ ФПМЕБ БИЗНЩН
Кщд.Рс.: 113341,24,КЕНФСЙКПХ ФПМЕБ БИЗНЩН
Кщд.Рс.: 115579,24,НПФЙПХ ФПМЕБ БИЗНЩН
Кщд.Рс.: 117469,24,БНБФПЛЙКЗУ БФФЙКЗУ
Кщд.Рс.: 228450,24,ИЕУУБЛПНЙКЗУ
Кщд.Рс.: 112197,24,КЕНФСЙКПХ ФПМЕБ БИЗНЩН
Кщд.Рс.: 116517,24,БНБФПЛЙКЗУ БФФЙКЗУ
Кщд.Рс.: 116516,24,ВПСЕЙПХ ФПМЕБ БИЗНЩН
Кщд.Рс.: 112195,24,КЕНФСЙКПХ ФПМЕБ БИЗНЩН
Кщд.Рс.: 113333,24,КЕНФСЙКПХ ФПМЕБ БИЗНЩН
Кщд.Рс.: 117467,24,ДХФЙКПХ ФПМЕБ БИЗНЩН
Кщд.Рс.: 119423,24,РЕЙСБЙЩУ
Кщд.Рс.: 116515,24,БНБФПЛЙКЗУ БФФЙКЗУ
Кщд.Рс.: 119421,24,РЕЙСБЙЩУ
Кщд.Рс.: 117456,24,ВПСЕЙПХ ФПМЕБ БИЗНЩН
Кщд.Рс.: 117463,24,ВПСЕЙПХ ФПМЕБ БИЗНЩН
Кщд.Рс.: 115574,24,КЕНФСЙКПХ ФПМЕБ БИЗНЩН
Кщд.Рс.: 119418,24,РЕЙСБЙЩУ
Кщд.Рс.: 119420,24,РЕЙСБЙЩУ
Кщд.Рс.: 114310,24,НПФЙПХ ФПМЕБ БИЗНЩН
Кщд.Рс.: 118627,24,ДХФЙКПХ ФПМЕБ БИЗНЩН
Кщд.Рс.: 117454,24,ВПСЕЙПХ ФПМЕБ БИЗНЩН
Кщд.Рс.: 115569,24,НПФЙПХ ФПМЕБ БИЗНЩН
Кщд.Рс.: 114309,24,РЕЙСБЙЩУ
Кщд.Рс.: 120332,24,РЕЙСБЙЩУ
Кщд.Рс.: 119417,24,РЕЙСБЙЩУ
Кщд.Рс.: 114307,24,КЕНФСЙКПХ ФПМЕБ БИЗНЩН
Кщд.Рс.: 228435,24,ИЕУУБЛПНЙКЗУ
Кщд.Рс.: 117453,24,ВПСЕЙПХ ФПМЕБ БИЗНЩН
Кщд.Рс.: 118523,24,ДХФЙКЗУ БФФЙКЗУ
Кщд.Рс.: 110176,24,КЕНФСЙКПХ ФПМЕБ БИЗНЩН
Кщд.Рс.: 101006,24,КЕНФСЙКПХ ФПМЕБ БИЗНЩН
Кщд.Рс.: 117452,24,ВПСЕЙПХ ФПМЕБ БИЗНЩН
Кщд.Рс.: 116503,24,БНБФПЛЙКЗУ БФФЙКЗУ
Кщд.Рс.: 117450,24,ВПСЕЙПХ ФПМЕБ БИЗНЩН
Кщд.Рс.: 119413,24,ДХФЙКПХ ФПМЕБ БИЗНЩН
Кщд.Рс.: 113334,24,КЕНФСЙКПХ ФПМЕБ БИЗНЩН
Кщд.Рс.: 118520,24,ДХФЙКПХ ФПМЕБ БИЗНЩН
Кщд.Рс.: 229643,24,ИЕУУБЛПНЙКЗУ
Кщд.Рс.: 112190,24,КЕНФСЙКПХ ФПМЕБ БИЗНЩН
Кщд.Рс.: 111240,24,КЕНФСЙКПХ ФПМЕБ БИЗНЩН
Кщд.Рс.: 115554,24,НПФЙПХ ФПМЕБ БИЗНЩН
Кщд.Рс.: 111241,24,КЕНФСЙКПХ ФПМЕБ БИЗНЩН
Кщд.Рс.: 119410,24,РЕЙСБЙЩУ
Кщд.Рс.: 116497,24,КЕНФСЙКПХ ФПМЕБ БИЗНЩН
Кщд.Рс.: 120327,24,РЕЙСБЙЩУ
Кщд.Рс.: 117443,24,ВПСЕЙПХ ФПМЕБ БИЗНЩН
Кщд.Рс.: 118513,24,ДХФЙКЗУ БФФЙКЗУ
Кщд.Рс.: 117437,24,ВПСЕЙПХ ФПМЕБ БИЗНЩН
Кщд.Рс.: 119403,24,РЕЙСБЙЩУ
Кщд.Рс.: 117436,24,ВПСЕЙПХ ФПМЕБ БИЗНЩН
Кщд.Рс.: 110169,24,КЕНФСЙКПХ ФПМЕБ БИЗНЩН
Кщд.Рс.: 117434,24,БНБФПЛЙКЗУ БФФЙКЗУ
Кщд.Рс.: 118511,24,ДХФЙКПХ ФПМЕБ БИЗНЩН
Кщд.Рс.: 229624,24,ИЕУУБЛПНЙКЗУ
Кщд.Рс.: 116478,24,БНБФПЛЙКЗУ БФФЙКЗУ
Кщд.Рс.: 228417,24,ИЕУУБЛПНЙКЗУ
Кщд.Рс.: 112187,24,КЕНФСЙКПХ ФПМЕБ БИЗНЩН
Кщд.Рс.: 116481,24,БНБФПЛЙКЗУ БФФЙКЗУ
Кщд.Рс.: 118507,24,ДХФЙКПХ ФПМЕБ БИЗНЩН
Кщд.Рс.: 111234,24,КЕНФСЙКПХ ФПМЕБ БИЗНЩН
Кщд.Рс.: 100496,24,ИЕУУБЛПНЙКЗУ
Кщд.Рс.: 117429,24,ВПСЕЙПХ ФПМЕБ БИЗНЩН
Кщд.Рс.: 120321,24,РЕЙСБЙЩУ
Кщд.Рс.: 114297,24,НПФЙПХ ФПМЕБ БИЗНЩН
Кщд.Рс.: 117425,24,БНБФПЛЙКЗУ БФФЙКЗУ
Кщд.Рс.: 101492,24,НПФЙПХ ФПМЕБ БИЗНЩН
Кщд.Рс.: 117419,24,ВПСЕЙПХ ФПМЕБ БИЗНЩН
Кщд.Рс.: 228408,24,ИЕУУБЛПНЙКЗУ
Кщд.Рс.: 112182,24,КЕНФСЙКПХ ФПМЕБ БИЗНЩН
Кщд.Рс.: 115509,24,НПФЙПХ ФПМЕБ БИЗНЩН
Кщд.Рс.: 229594,24,ИЕУУБЛПНЙКЗУ
Кщд.Рс.: 116468,24,ВПСЕЙПХ ФПМЕБ БИЗНЩН
Кщд.Рс.: 111229,24,КЕНФСЙКПХ ФПМЕБ БИЗНЩН
Кщд.Рс.: 229590,24,ИЕУУБЛПНЙКЗУ
Кщд.Рс.: 117410,24,ВПСЕЙПХ ФПМЕБ БИЗНЩН
Кщд.Рс.: 120310,24,РЕЙСБЙЩУ
Кщд.Рс.: 118493,24,ДХФЙКЗУ БФФЙКЗУ
Кщд.Рс.: 112180,24,КЕНФСЙКПХ ФПМЕБ БИЗНЩН
Кщд.Рс.: 118490,24,ДХФЙКПХ ФПМЕБ БИЗНЩН
Кщд.Рс.: 116460,24,БНБФПЛЙКЗУ БФФЙКЗУ
Кщд.Рс.: 110161,24,КЕНФСЙКПХ ФПМЕБ БИЗНЩН
Кщд.Рс.: 119380,24,ДХФЙКПХ ФПМЕБ БИЗНЩН
Кщд.Рс.: 117398,24,ВПСЕЙПХ ФПМЕБ БИЗНЩН
Кщд.Рс.: 118479,24,ДХФЙКПХ ФПМЕБ БИЗНЩН
Кщд.Рс.: 116456,24,ВПСЕЙПХ ФПМЕБ БИЗНЩН
Кщд.Рс.: 118477,24,ДХФЙКПХ ФПМЕБ БИЗНЩН
Кщд.Рс.: 120303,24,РЕЙСБЙЩУ
Кщд.Рс.: 228389,24,ИЕУУБЛПНЙКЗУ
Кщд.Рс.: 116455,24,БНБФПЛЙКЗУ БФФЙКЗУ
Кщд.Рс.: 115502,24,КЕНФСЙКПХ ФПМЕБ БИЗНЩН
Кщд.Рс.: 229573,24,ИЕУУБЛПНЙКЗУ
Кщд.Рс.: 115499,24,БНБФПЛЙКЗУ БФФЙКЗУ
Кщд.Рс.: 116451,24,КЕНФСЙКПХ ФПМЕБ БИЗНЩН
Кщд.Рс.: 113314,24,КЕНФСЙКПХ ФПМЕБ БИЗНЩН
Кщд.Рс.: 116439,24,БНБФПЛЙКЗУ БФФЙКЗУ
Кщд.Рс.: 229552,24,ИЕУУБЛПНЙКЗУ
Кщд.Рс.: 229550,24,ИЕУУБЛПНЙКЗУ
Кщд.Рс.: 110157,24,КЕНФСЙКПХ ФПМЕБ БИЗНЩН
Кщд.Рс.: 100302,24,РЕЙСБЙЩУ
Кщд.Рс.: 118460,24,ДХФЙКПХ ФПМЕБ БИЗНЩН
Кщд.Рс.: 115486,24,БНБФПЛЙКЗУ БФФЙКЗУ
Кщд.Рс.: 229539,24,ИЕУУБЛПНЙКЗУ
Кщд.Рс.: 117382,24,БНБФПЛЙКЗУ БФФЙКЗУ
Кщд.Рс.: 228375,24,ИЕУУБЛПНЙКЗУ
Кщд.Рс.: 118455,24,ДХФЙКЗУ БФФЙКЗУ
Кщд.Рс.: 229531,24,ИЕУУБЛПНЙКЗУ
Кщд.Рс.: 120292,24,РЕЙСБЙЩУ
Кщд.Рс.: 118450,24,ДХФЙКПХ ФПМЕБ БИЗНЩН
Кщд.Рс.: 117378,24,ВПСЕЙПХ ФПМЕБ БИЗНЩН
Кщд.Рс.: 101311,24,КЕНФСЙКПХ ФПМЕБ БИЗНЩН
Кщд.Рс.: 115472,24,КЕНФСЙКПХ ФПМЕБ БИЗНЩН
Кщд.Рс.: 114266,24,НПФЙПХ ФПМЕБ БИЗНЩН
Кщд.Рс.: 111206,24,КЕНФСЙКПХ ФПМЕБ БИЗНЩН
Кщд.Рс.: 115469,24,БНБФПЛЙКЗУ БФФЙКЗУ
Кщд.Рс.: 120288,24,РЕЙСБЙЩУ
Кщд.Рс.: 118446,24,ДХФЙКПХ ФПМЕБ БИЗНЩН
Кщд.Рс.: 110149,24,КЕНФСЙКПХ ФПМЕБ БИЗНЩН
Кщд.Рс.: 113294,24,КЕНФСЙКПХ ФПМЕБ БИЗНЩН
Кщд.Рс.: 112170,24,КЕНФСЙКПХ ФПМЕБ БИЗНЩН
Кщд.Рс.: 110146,24,КЕНФСЙКПХ ФПМЕБ БИЗНЩН
Кщд.Рс.: 115687,24,НПФЙПХ ФПМЕБ БИЗНЩН
Кщд.Рс.: 229497,24,ИЕУУБЛПНЙКЗУ
Кщд.Рс.: 115458,24,НПФЙПХ ФПМЕБ БИЗНЩН
Кщд.Рс.: 228350,24,ИЕУУБЛПНЙКЗУ
Кщд.Рс.: 117362,24,ВПСЕЙПХ ФПМЕБ БИЗНЩН
Кщд.Рс.: 115456,24,НПФЙПХ ФПМЕБ БИЗНЩН
Кщд.Рс.: 228348,24,ИЕУУБЛПНЙКЗУ
Кщд.Рс.: 116413,24,БНБФПЛЙКЗУ БФФЙКЗУ
Кщд.Рс.: 111202,24,КЕНФСЙКПХ ФПМЕБ БИЗНЩН
Кщд.Рс.: 115451,24,НПФЙПХ ФПМЕБ БИЗНЩН
Кщд.Рс.: 113274,24,КЕНФСЙКПХ ФПМЕБ БИЗНЩН
Кщд.Рс.: 119348,24,РЕЙСБЙЩУ
Кщд.Рс.: 118430,24,ДХФЙКПХ ФПМЕБ БИЗНЩН
Кщд.Рс.: 117351,24,ВПСЕЙПХ ФПМЕБ БИЗНЩН
Кщд.Рс.: 117352,24,БНБФПЛЙКЗУ БФФЙКЗУ
Кщд.Рс.: 114242,24,НПФЙПХ ФПМЕБ БИЗНЩН
Кщд.Рс.: 119344,24,РЕЙСБЙЩУ
Кщд.Рс.: 118426,24,ДХФЙКЗУ БФФЙКЗУ
Кщд.Рс.: 115436,24,НПФЙПХ ФПМЕБ БИЗНЩН
Кщд.Рс.: 117339,24,ВПСЕЙПХ ФПМЕБ БИЗНЩН
Кщд.Рс.: 100079,24,КЕНФСЙКПХ ФПМЕБ БИЗНЩН
Кщд.Рс.: 116391,24,КЕНФСЙКПХ ФПМЕБ БИЗНЩН
Кщд.Рс.: 112159,24,КЕНФСЙКПХ ФПМЕБ БИЗНЩН
Кщд.Рс.: 120266,24,РЕЙСБЙЩУ
Кщд.Рс.: 113262,24,КЕНФСЙКПХ ФПМЕБ БИЗНЩН
Кщд.Рс.: 114236,24,НПФЙПХ ФПМЕБ БИЗНЩН
Кщд.Рс.: 118416,24,ДХФЙКЗУ БФФЙКЗУ
Кщд.Рс.: 119329,24,РЕЙСБЙЩУ
Кщд.Рс.: 117332,24,БНБФПЛЙКЗУ БФФЙКЗУ
Кщд.Рс.: 117331,24,БНБФПЛЙКЗУ БФФЙКЗУ
Кщд.Рс.: 229445,24,ИЕУУБЛПНЙКЗУ
Кщд.Рс.: 118407,24,ДХФЙКЗУ БФФЙКЗУ
Кщд.Рс.: 114229,24,НПФЙПХ ФПМЕБ БИЗНЩН
Кщд.Рс.: 118403,24,ДХФЙКПХ ФПМЕБ БИЗНЩН
Кщд.Рс.: 228319,24,ИЕУУБЛПНЙКЗУ
Кщд.Рс.: 115418,24,КЕНФСЙКПХ ФПМЕБ БИЗНЩН
Кщд.Рс.: 115417,24,НПФЙПХ ФПМЕБ БИЗНЩН
Кщд.Рс.: 229439,24,ИЕУУБЛПНЙКЗУ
Кщд.Рс.: 119317,24,ДХФЙКПХ ФПМЕБ БИЗНЩН
Кщд.Рс.: 114226,24,НПФЙПХ ФПМЕБ БИЗНЩН
Кщд.Рс.: 119312,24,РЕЙСБЙЩУ
Кщд.Рс.: 229415,24,ИЕУУБЛПНЙКЗУ
Кщд.Рс.: 116368,24,БНБФПЛЙКЗУ БФФЙКЗУ
Кщд.Рс.: 116366,24,КЕНФСЙКПХ ФПМЕБ БИЗНЩН
Кщд.Рс.: 118392,24,ДХФЙКПХ ФПМЕБ БИЗНЩН
Кщд.Рс.: 117306,24,ВПСЕЙПХ ФПМЕБ БИЗНЩН
Кщд.Рс.: 228305,24,ИЕУУБЛПНЙКЗУ
Кщд.Рс.: 113254,24,КЕНФСЙКПХ ФПМЕБ БИЗНЩН
Кщд.Рс.: 117303,24,ВПСЕЙПХ ФПМЕБ БИЗНЩН
Кщд.Рс.: 116357,24,БНБФПЛЙКЗУ БФФЙКЗУ
Кщд.Рс.: 118376,24,ДХФЙКЗУ БФФЙКЗУ
Кщд.Рс.: 118362,24,ДХФЙКПХ ФПМЕБ БИЗНЩН
Кщд.Рс.: 115386,24,НПФЙПХ ФПМЕБ БИЗНЩН
Кщд.Рс.: 117296,24,ВПСЕЙПХ ФПМЕБ БИЗНЩН
Кщд.Рс.: 118357,24,ДХФЙКПХ ФПМЕБ БИЗНЩН
Кщд.Рс.: 118355,24,ДХФЙКПХ ФПМЕБ БИЗНЩН
Кщд.Рс.: 117294,24,БНБФПЛЙКЗУ БФФЙКЗУ
Кщд.Рс.: 113247,24,КЕНФСЙКПХ ФПМЕБ БИЗНЩН
Кщд.Рс.: 119283,24,РЕЙСБЙЩУ
Кщд.Рс.: 228232,24,ИЕУУБЛПНЙКЗУ
Кщд.Рс.: 114202,24,НПФЙПХ ФПМЕБ БИЗНЩН
Кщд.Рс.: 230445,24,ИЕУУБЛПНЙКЗУ
Кщд.Рс.: 116328,24,БНБФПЛЙКЗУ БФФЙКЗУ
Кщд.Рс.: 229251,24,ИЕУУБЛПНЙКЗУ
Кщд.Рс.: 228146,24,ИЕУУБЛПНЙКЗУ
Кщд.Рс.: 115364,24,НПФЙПХ ФПМЕБ БИЗНЩН
Кщд.Рс.: 113207,24,КЕНФСЙКПХ ФПМЕБ БИЗНЩН
Кщд.Рс.: 115738,24,КЕНФСЙКПХ ФПМЕБ БИЗНЩН
Кщд.Рс.: 115355,24,НПФЙПХ ФПМЕБ БИЗНЩН
Кщд.Рс.: 232738,24,ИЕУУБЛПНЙКЗУ
Кщд.Рс.: 117277,24,ВПСЕЙПХ ФПМЕБ БИЗНЩН
Кщд.Рс.: 115353,24,КЕНФСЙКПХ ФПМЕБ БИЗНЩН
Кщд.Рс.: 116312,24,КЕНФСЙКПХ ФПМЕБ БИЗНЩН
Кщд.Рс.: 229089,24,ИЕУУБЛПНЙКЗУ
Кщд.Рс.: 114409,24,КЕНФСЙКПХ ФПМЕБ БИЗНЩН
Кщд.Рс.: 117253,24,КЕНФСЙКПХ ФПМЕБ БИЗНЩН
Кщд.Рс.: 116119,24,БНБФПЛЙКЗУ БФФЙКЗУ
Кщд.Рс.: 116110,24,ВПСЕЙПХ ФПМЕБ БИЗНЩН
Кщд.Рс.: 116307,24,БНБФПЛЙКЗУ БФФЙКЗУ
Кщд.Рс.: 120223,24,РЕЙСБЙЩУ
Кщд.Рс.: 116305,24,БНБФПЛЙКЗУ БФФЙКЗУ
Кщд.Рс.: 118328,24,ДХФЙКЗУ БФФЙКЗУ
Кщд.Рс.: 119276,24,РЕЙСБЙЩУ
Кщд.Рс.: 117261,24,ВПСЕЙПХ ФПМЕБ БИЗНЩН
Кщд.Рс.: 119275,24,РЕЙСБЙЩУ
Кщд.Рс.: 116294,24,БНБФПЛЙКЗУ БФФЙКЗУ
Кщд.Рс.: 119271,24,ДХФЙКПХ ФПМЕБ БИЗНЩН
Кщд.Рс.: 115326,24,НПФЙПХ ФПМЕБ БИЗНЩН
Кщд.Рс.: 111071,24,КЕНФСЙКПХ ФПМЕБ БИЗНЩН
Кщд.Рс.: 119200,24,РЕЙСБЙЩУ
Кщд.Рс.: 111089,24,КЕНФСЙКПХ ФПМЕБ БИЗНЩН
Кщд.Рс.: 115319,24,НПФЙПХ ФПМЕБ БИЗНЩН
Кщд.Рс.: 116277,24,ВПСЕЙПХ ФПМЕБ БИЗНЩН
Кщд.Рс.: 111075,24,КЕНФСЙКПХ ФПМЕБ БИЗНЩН
Кщд.Рс.: 117237,24,БНБФПЛЙКЗУ БФФЙКЗУ
Кщд.Рс.: 119259,24,РЕЙСБЙЩУ
Кщд.Рс.: 115306,24,КЕНФСЙКПХ ФПМЕБ БИЗНЩН
Кщд.Рс.: 228273,24,ИЕУУБЛПНЙКЗУ
Кщд.Рс.: 110041,24,КЕНФСЙКПХ ФПМЕБ БИЗНЩН
Кщд.Рс.: 229323,24,ИЕУУБЛПНЙКЗУ
Кщд.Рс.: 228263,24,ИЕУУБЛПНЙКЗУ
Кщд.Рс.: 116207,24,БНБФПЛЙКЗУ БФФЙКЗУ
Кщд.Рс.: 119090,24,ДХФЙКПХ ФПМЕБ БИЗНЩН
Кщд.Рс.: 115226,24,КЕНФСЙКПХ ФПМЕБ БИЗНЩН
Кщд.Рс.: 116094,24,БНБФПЛЙКЗУ БФФЙКЗУ
Кщд.Рс.: 117054,24,ВПСЕЙПХ ФПМЕБ БИЗНЩН
Кщд.Рс.: 118084,24,ДХФЙКПХ ФПМЕБ БИЗНЩН
Кщд.Рс.: 229133,24,ИЕУУБЛПНЙКЗУ
Кщд.Рс.: 116014,24,ВПСЕЙПХ ФПМЕБ БИЗНЩН
Кщд.Рс.: 115008,24,КЕНФСЙКПХ ФПМЕБ БИЗНЩН
Кщд.Рс.: 117138,24,ВПСЕЙПХ ФПМЕБ БИЗНЩН
Кщд.Рс.: 113177,24,КЕНФСЙКПХ ФПМЕБ БИЗНЩН
Кщд.Рс.: 113135,24,КЕНФСЙКПХ ФПМЕБ БИЗНЩН
Кщд.Рс.: 120115,24,РЕЙСБЙЩУ
Кщд.Рс.: 118295,24,ДХФЙКПХ ФПМЕБ БИЗНЩН
Кщд.Рс.: 112051,24,КЕНФСЙКПХ ФПМЕБ БИЗНЩН
Кщд.Рс.: 116254,24,БНБФПЛЙКЗУ БФФЙКЗУ
Кщд.Рс.: 112126,24,КЕНФСЙКПХ ФПМЕБ БИЗНЩН
Кщд.Рс.: 118278,24,ДХФЙКПХ ФПМЕБ БИЗНЩН
Кщд.Рс.: 117192,24,ВПСЕЙПХ ФПМЕБ БИЗНЩН
Кщд.Рс.: 115036,24,НПФЙПХ ФПМЕБ БИЗНЩН
Кщд.Рс.: 115215,24,КЕНФСЙКПХ ФПМЕБ БИЗНЩН
Кщд.Рс.: 112060,24,КЕНФСЙКПХ ФПМЕБ БИЗНЩН
Кщд.Рс.: 117114,24,БНБФПЛЙКЗУ БФФЙКЗУ
Кщд.Рс.: 117182,24,ВПСЕЙПХ ФПМЕБ БИЗНЩН
Кщд.Рс.: 118006,24,ДХФЙКПХ ФПМЕБ БИЗНЩН
Кщд.Рс.: 115070,24,НПФЙПХ ФПМЕБ БИЗНЩН
Кщд.Рс.: 116686,24,ДХФЙКПХ ФПМЕБ БИЗНЩН
Кщд.Рс.: 112105,24,КЕНФСЙКПХ ФПМЕБ БИЗНЩН
Кщд.Рс.: 114143,24,РЕЙСБЙЩУ
Кщд.Рс.: 113022,24,КЕНФСЙКПХ ФПМЕБ БИЗНЩН
Кщд.Рс.: 111040,24,КЕНФСЙКПХ ФПМЕБ БИЗНЩН
Кщд.Рс.: 118207,24,ДХФЙКПХ ФПМЕБ БИЗНЩН
Кщд.Рс.: 115203,24,НПФЙПХ ФПМЕБ БИЗНЩН
Кщд.Рс.: 112056,24,КЕНФСЙКПХ ФПМЕБ БИЗНЩН
Кщд.Рс.: 118154,24,ДХФЙКПХ ФПМЕБ БИЗНЩН
Кщд.Рс.: 118195,24,ДХФЙКПХ ФПМЕБ БИЗНЩН
Кщд.Рс.: 111086,24,КЕНФСЙКПХ ФПМЕБ БИЗНЩН
Кщд.Рс.: 113114,24,КЕНФСЙКПХ ФПМЕБ БИЗНЩН
Кщд.Рс.: 228541,24,КЕНФСЙКПХ ФПМЕБ БИЗНЩН
Кщд.Рс.: 117261,24,КЕНФСЙКПХ ФПМЕБ БИЗНЩН
Кщд.Рс.: 117261,24,КЕНФСЙКПХ ФПМЕБ БИЗНЩН
Кщд.Рс.: 101544,24,КПСЙНИЙБУ
Кщд.Рс.: 101488,24,ЛБСЙУБУ
Кщд.Рс.: 101517,24,ЗСБКЛЕЙПХ
Кщд.Рс.: 101423,24,БЧБЪБУ
Кщд.Рс.: 101423,24,БЧБЪБУ
Кщд.Рс.: 101429,24,КБУФПСЙБУ
Кщд.Рс.: 101448,24,ЙЩБННЙНЩН
Кщд.Рс.: 101466,24,КЙЛКЙУ
Кщд.Рс.: 101468,24,МЕУУЗНЙБУ
Кщд.Рс.: 101458,24,ВПЙЩФЙБУ
Кщд.Рс.: 101481,24,ЗСБКЛЕЙПХ
Кщд.Рс.: 101368,24,МБГНЗУЙБУ
Кщд.Рс.: 101434,24,ЗСБКЛЕЙПХ
Кщд.Рс.: 101368,24,МБГНЗУЙБУ
Кщд.Рс.: 101437,24,ИЕУРСЩФЙБУ
Кщд.Рс.: 101479,24,КБСДЙФУБУ
Кщд.Рс.: 101397,24,ЗСБКЛЕЙПХ
Кщд.Рс.: 101444,24,ЛБСЙУБУ
Кщд.Рс.: 101451,24,ИЕУУБЛПНЙКЗУ
Кщд.Рс.: 101368,24,МБГНЗУЙБУ
Кщд.Рс.: 101461,24,ФСЙКБЛЩН
Кщд.Рс.: 101450,24,ИЕУУБЛПНЙКЗУ
Кщд.Рс.: 101391,24,ЗМБИЙБУ
Кщд.Рс.: 101390,24,ЕВСПХ
Кщд.Рс.: 101407,24,БЙФЩЛПБКБСНБНЙБУ
Кщд.Рс.: 101455,24,МБГНЗУЙБУ
Кщд.Рс.: 101370,24,ФСЙКБЛЩН
Кщд.Рс.: 101324,24,КПЖБНЗУ
Кщд.Рс.: 101383,24,БЙФЩЛПБКБСНБНЙБУ
Кщд.Рс.: 101179,24,ЙЩБННЙНЩН
Кщд.Рс.: 101354,24,МЕУУЗНЙБУ
Кщд.Рс.: 101372,24,ФСЙКБЛЩН
Кщд.Рс.: 101262,24,МЕУУЗНЙБУ
Кщд.Рс.: 101369,24,РЙЕСЙБУ
Кщд.Рс.: 101346,24,ЛБСЙУБУ
Кщд.Рс.: 101362,24,РСЕВЕЖБУ
Кщд.Рс.: 101328,24,БЙФЩЛПБКБСНБНЙБУ
Кщд.Рс.: 101378,24,КПСЙНИЙБУ
Кщд.Рс.: 101350,24,ЗСБКЛЕЙПХ
Кщд.Рс.: 101366,24,КБСДЙФУБУ
Кщд.Рс.: 101345,24,ЦИЙЩФЙДБУ
Кщд.Рс.: 101338,24,БЧБЪБУ
Кщд.Рс.: 101348,24,МЕУУЗНЙБУ
Кщд.Рс.: 101306,24,БЧБЪБУ
Кщд.Рс.: 101331,24,ЕХВПЙБУ
Кщд.Рс.: 101333,24,БЧБЪБУ
Кщд.Рс.: 101325,24,ЛЕХКБДБУ
Кщд.Рс.: 101298,24,ОБНИЗУ
Кщд.Рс.: 101320,24,ФСЙКБЛЩН
Кщд.Рс.: 101297,24,ОБНИЗУ
Кщд.Рс.: 101265,24,БСКБДЙБУ
Кщд.Рс.: 101304,24,БЧБЪБУ
Кщд.Рс.: 101308,24,БЙФЩЛПБКБСНБНЙБУ
Кщд.Рс.: 101544,24,КПСЙНИЙБУ
Кщд.Рс.: 101261,24,БЧБЪБУ
Кщд.Рс.: 101195,24,СПДПРЗУ
Кщд.Рс.: 101239,24,ЗСБКЛЕЙПХ
Кщд.Рс.: 101279,24,РЙЕСЙБУ
Кщд.Рс.: 101237,24,КБВБЛБУ
Кщд.Рс.: 101283,24,МБГНЗУЙБУ
Кщд.Рс.: 101246,24,КПСЙНИЙБУ
Кщд.Рс.: 101200,24,ИЕУУБЛПНЙКЗУ
Кщд.Рс.: 101224,24,КПСЙНИЙБУ
Кщд.Рс.: 101223,24,БЧБЪБУ
Кщд.Рс.: 101210,24,МБГНЗУЙБУ
Кщд.Рс.: 101199,24,ФСЙКБЛЩН
Кщд.Рс.: 101222,24,БСКБДЙБУ
Кщд.Рс.: 101201,24,ОБНИЗУ
Кщд.Рс.: 101209,24,РСЕВЕЖБУ
Кщд.Рс.: 101121,24,ЗСБКЛЕЙПХ
Кщд.Рс.: 101192,24,ЛБСЙУБУ
Кщд.Рс.: 101188,24,ЕВСПХ
Кщд.Рс.: 101116,24,ЙЩБННЙНЩН
Кщд.Рс.: 101170,24,ДСБМБУ
Кщд.Рс.: 101164,24,КЙЛКЙУ
Кщд.Рс.: 101169,24,ФСЙКБЛЩН
Кщд.Рс.: 101152,24,ЙЩБННЙНЩН
Кщд.Рс.: 101158,24,БЧБЪБУ
Кщд.Рс.: 101125,24,БЧБЪБУ
Кщд.Рс.: 101108,24,БЧБЪБУ
Кщд.Рс.: 101111,24,ИЕУУБЛПНЙКЗУ
Кщд.Рс.: 101085,24,ИЕУУБЛПНЙКЗУ
Кщд.Рс.: 101003,24,БЙФЩЛПБКБСНБНЙБУ
Кщд.Рс.: 101105,24,ЕХВПЙБУ
Кщд.Рс.: 101095,24,ЗЛЕЙБУ
Кщд.Рс.: 101142,24,БСФБУ
Кщд.Рс.: 101081,24,КЙЛКЙУ
Кщд.Рс.: 101089,24,КПЖБНЗУ
Кщд.Рс.: 100982,24,ЗМБИЙБУ
Кщд.Рс.: 101066,24,КПСЙНИЙБУ
Кщд.Рс.: 101087,24,ДСБМБУ
Кщд.Рс.: 100795,24,ЗСБКЛЕЙПХ
Кщд.Рс.: 101096,24,БЧБЪБУ
Кщд.Рс.: 101034,24,РЙЕСЙБУ
Кщд.Рс.: 101080,24,ЗСБКЛЕЙПХ
Кщд.Рс.: 101053,24,РСЕВЕЖБУ
Кщд.Рс.: 100959,24,ЦИЙЩФЙДБУ
Кщд.Рс.: 100968,24,БСКБДЙБУ
Кщд.Рс.: 101035,24,ИЕУУБЛПНЙКЗУ
Кщд.Рс.: 100938,24,ЦИЙЩФЙДБУ
Кщд.Рс.: 100995,24,ЕХВПЙБУ
Кщд.Рс.: 101028,24,КПЖБНЗУ
Кщд.Рс.: 101031,24,РЕЛЛБУ
Кщд.Рс.: 100998,24,БЧБЪБУ
Кщд.Рс.: 101014,24,БСГПЛЙДБУ
Кщд.Рс.: 101058,24,ЦИЙЩФЙДБУ
Кщд.Рс.: 101021,24,ЛЕХКБДБУ
Кщд.Рс.: 101041,24,ЛБСЙУБУ
Кщд.Рс.: 100869,24,СЕИХМНПХ
Кщд.Рс.: 100783,24,МЕУУЗНЙБУ
Кщд.Рс.: 101045,24,БЙФЩЛПБКБСНБНЙБУ
Кщд.Рс.: 101038,24,ЗМБИЙБУ
Кщд.Рс.: 101025,24,ИЕУУБЛПНЙКЗУ
Кщд.Рс.: 101026,24,ИЕУУБЛПНЙКЗУ
Кщд.Рс.: 101016,24,ЕХВПЙБУ
Кщд.Рс.: 100989,24,КПЖБНЗУ
Кщд.Рс.: 100984,24,КБСДЙФУБУ
Кщд.Рс.: 100984,24,КБСДЙФУБУ
Кщд.Рс.: 100980,24,КПЖБНЗУ
Кщд.Рс.: 100991,24,ЛЕХКБДБУ
Кщд.Рс.: 100955,24,ЦИЙЩФЙДБУ
Кщд.Рс.: 100921,24,ЗСБКЛЕЙПХ
Кщд.Рс.: 100979,24,ЙЩБННЙНЩН
Кщд.Рс.: 100964,24,РЕЛЛБУ
Кщд.Рс.: 100964,24,РЕЛЛБУ
Кщд.Рс.: 100938,24,ЦИЙЩФЙДБУ
Кщд.Рс.: 100966,24,ОБНИЗУ
Кщд.Рс.: 100972,24,ЛБКЩНЙБУ
Кщд.Рс.: 100928,24,БЧБЪБУ
Кщд.Рс.: 100962,24,ЦЛЩСЙНБУ
Кщд.Рс.: 100922,24,ИЕУУБЛПНЙКЗУ
Кщд.Рс.: 100937,24,ИЕУУБЛПНЙКЗУ
Кщд.Рс.: 100945,24,БЙФЩЛПБКБСНБНЙБУ
Кщд.Рс.: 100954,24,ЛБСЙУБУ
Кщд.Рс.: 100927,24,БСГПЛЙДБУ
Кщд.Рс.: 100935,24,КБСДЙФУБУ
Кщд.Рс.: 100926,24,РЙЕСЙБУ
Кщд.Рс.: 100834,24,ИЕУРСЩФЙБУ
Кщд.Рс.: 101350,24,ЗСБКЛЕЙПХ
Кщд.Рс.: 100908,24,БЧБЪБУ
Кщд.Рс.: 100872,24,РСЕВЕЖБУ
Кщд.Рс.: 100887,24,БЧБЪБУ
Кщд.Рс.: 100911,24,ФСЙКБЛЩН
Кщд.Рс.: 100871,24,ЛБСЙУБУ
Кщд.Рс.: 100895,24,КПЖБНЗУ
Кщд.Рс.: 101192,24,ЛБСЙУБУ
Кщд.Рс.: 100858,24,ИЕУУБЛПНЙКЗУ
Кщд.Рс.: 100809,24,СПДПРЗУ
Кщд.Рс.: 100844,24,ВПЙЩФЙБУ
Кщд.Рс.: 100845,24,БЧБЪБУ
Кщд.Рс.: 100866,24,СЕИХМНПХ
Кщд.Рс.: 101222,24,БСКБДЙБУ
Кщд.Рс.: 100860,24,ЦЛЩСЙНБУ
Кщд.Рс.: 100858,24,ИЕУУБЛПНЙКЗУ
Кщд.Рс.: 100816,24,ЕХВПЙБУ
Кщд.Рс.: 100749,24,БЧБЪБУ
Кщд.Рс.: 100811,24,КЙЛКЙУ
Кщд.Рс.: 100812,24,КПЖБНЗУ
Кщд.Рс.: 100798,24,ЗМБИЙБУ
Кщд.Рс.: 100791,24,БЙФЩЛПБКБСНБНЙБУ
Кщд.Рс.: 101222,24,БСГПЛЙДБУ
Кщд.Рс.: 100633,24,МЕУУЗНЙБУ
Кщд.Рс.: 100769,24,ЕХВПЙБУ
Кщд.Рс.: 100797,24,ЛБСЙУБУ
Кщд.Рс.: 101346,24,ЛБСЙУБУ
Кщд.Рс.: 100810,24,ГСЕВЕНЩН
Кщд.Рс.: 100751,24,ЦЩКЙДБУ
Кщд.Рс.: 100781,24,ОБНИЗУ
Кщд.Рс.: 100766,24,БЙФЩЛПБКБСНБНЙБУ
Кщд.Рс.: 100787,24,ЛБСЙУБУ
Кщд.Рс.: 100732,24,КБУФПСЙБУ
Кщд.Рс.: 100763,24,ОБНИЗУ
Кщд.Рс.: 101125,24,БЧБЪБУ
Кщд.Рс.: 100761,24,КПСЙНИЙБУ
Кщд.Рс.: 101390,24,ЕВСПХ
Кщд.Рс.: 100706,24,КБВБЛБУ
Кщд.Рс.: 100755,24,РЕЛЛБУ
Кщд.Рс.: 100709,24,ЙЩБННЙНЩН
Кщд.Рс.: 100730,24,КЙЛКЙУ
Кщд.Рс.: 100797,24,ЛБСЙУБУ
Кщд.Рс.: 100696,24,ЗМБИЙБУ
Кщд.Рс.: 100723,24,МЕУУЗНЙБУ
Кщд.Рс.: 100731,24,КБВБЛБУ
Кщд.Рс.: 100701,24,КПЖБНЗУ
Кщд.Рс.: 100972,24,БСКБДЙБУ
Кщд.Рс.: 100729,24,БЙФЩЛПБКБСНБНЙБУ
Кщд.Рс.: 100701,24,КПЖБНЗУ
Кщд.Рс.: 100707,24,ФСЙКБЛЩН
Кщд.Рс.: 101096,24,БЧБЪБУ
Кщд.Рс.: 100636,24,СПДПРЗУ
Кщд.Рс.: 100657,24,БСГПЛЙДБУ
Кщд.Рс.: 100646,24,БЙФЩЛПБКБСНБНЙБУ
Кщд.Рс.: 100663,24,БЙФЩЛПБКБСНБНЙБУ
Кщд.Рс.: 100584,24,КБВБЛБУ
Кщд.Рс.: 100571,24,ДСБМБУ
Кщд.Рс.: 100631,24,ЕХВПЙБУ
Кщд.Рс.: 100638,24,ИЕУУБЛПНЙКЗУ
Кщд.Рс.: 100667,24,МБГНЗУЙБУ
Кщд.Рс.: 100505,24,ЛБКЩНЙБУ
Кщд.Рс.: 100681,24,РЙЕСЙБУ
Кщд.Рс.: 100592,24,ЙЩБННЙНЩН
Кщд.Рс.: 101125,24,БЙФЩЛПБКБСНБНЙБУ
Кщд.Рс.: 100626,24,ЗМБИЙБУ
Кщд.Рс.: 100623,24,ЕВСПХ
Кщд.Рс.: 100575,24,МЕУУЗНЙБУ
Кщд.Рс.: 100599,24,КПСЙНИЙБУ
Кщд.Рс.: 100614,24,ИЕУУБЛПНЙКЗУ
Кщд.Рс.: 100598,24,КПСЙНИЙБУ
Кщд.Рс.: 100624,24,ФСЙКБЛЩН
Кщд.Рс.: 100617,24,РЙЕСЙБУ
Кщд.Рс.: 100622,24,ОБНИЗУ
Кщд.Рс.: 100600,24,БСКБДЙБУ
Кщд.Рс.: 100587,24,ЗСБКЛЕЙПХ
Кщд.Рс.: 100594,24,ЛБСЙУБУ
Кщд.Рс.: 100586,24,ФСЙКБЛЩН
Кщд.Рс.: 100593,24,ЙЩБННЙНЩН
Кщд.Рс.: 100581,24,ЙЩБННЙНЩН
Кщд.Рс.: 100542,24,ЗМБИЙБУ
Кщд.Рс.: 100583,24,ФСЙКБЛЩН
Кщд.Рс.: 100589,24,ДСБМБУ
Кщд.Рс.: 100585,24,СПДПРЗУ
Кщд.Рс.: 100559,24,БЧБЪБУ
Кщд.Рс.: 100522,24,ЙЩБННЙНЩН
Кщд.Рс.: 100553,24,ЛБСЙУБУ
Кщд.Рс.: 100566,24,РЕЛЛБУ
Кщд.Рс.: 100549,24,РЕЛЛБУ
Кщд.Рс.: 100502,24,КПСЙНИЙБУ
Кщд.Рс.: 124257,24,СЕИХМНПХ
Кщд.Рс.: 100520,24,ЛБСЙУБУ
Кщд.Рс.: 100484,24,ЕВСПХ
Кщд.Рс.: 100514,24,ВПЙЩФЙБУ
Кщд.Рс.: 101121,24,ЗСБКЛЕЙПХ
Кщд.Рс.: 100493,24,БЧБЪБУ
Кщд.Рс.: 100493,24,БЧБЪБУ
Кщд.Рс.: 100430,24,КПЖБНЗУ
Кщд.Рс.: 100449,24,БЧБЪБУ
Кщд.Рс.: 100432,24,МБГНЗУЙБУ
Кщд.Рс.: 100359,24,КПЖБНЗУ
Кщд.Рс.: 100460,24,КБВБЛБУ
Кщд.Рс.: 100453,24,РЙЕСЙБУ
Кщд.Рс.: 100442,24,МБГНЗУЙБУ
Кщд.Рс.: 100412,24,КПЖБНЗУ
Кщд.Рс.: 100409,24,БСФБУ
Кщд.Рс.: 100455,24,ЦИЙЩФЙДБУ
Кщд.Рс.: 100427,24,ЛБСЙУБУ
Кщд.Рс.: 100418,24,РЕЛЛБУ
Кщд.Рс.: 101488,24,ЛБСЙУБУ
Кщд.Рс.: 100439,24,ЗСБКЛЕЙПХ
Кщд.Рс.: 100451,24,ЗЛЕЙБУ
Кщд.Рс.: 100433,24,МБГНЗУЙБУ
Кщд.Рс.: 100433,24,МБГНЗУЙБУ
Кщд.Рс.: 100390,24,ЛБСЙУБУ
Кщд.Рс.: 100402,24,КБСДЙФУБУ
Кщд.Рс.: 100159,24,СЕИХМНПХ
Кщд.Рс.: 100392,24,ЕВСПХ
Кщд.Рс.: 100303,24,ЕХВПЙБУ
Кщд.Рс.: 100367,24,БЧБЪБУ
Кщд.Рс.: 100366,24,БСГПЛЙДБУ
Кщд.Рс.: 101359,24,ЗМБИЙБУ
Кщд.Рс.: 100356,24,ЕХВПЙБУ
Кщд.Рс.: 101390,24,ОБНИЗУ
Кщд.Рс.: 100369,24,МБГНЗУЙБУ
Кщд.Рс.: 100343,24,ЦИЙЩФЙДБУ
Кщд.Рс.: 101308,24,БЙФЩЛПБКБСНБНЙБУ
Кщд.Рс.: 100363,24,ВПЙЩФЙБУ
Кщд.Рс.: 100363,24,ВПЙЩФЙБУ
Кщд.Рс.: 100542,24,ЗМБИЙБУ
Кщд.Рс.: 101359,24,ЗМБИЙБУ
Кщд.Рс.: 100349,24,БЧБЪБУ
Кщд.Рс.: 101121,24,ЗСБКЛЕЙПХ
Кщд.Рс.: 100318,24,КБУФПСЙБУ
Кщд.Рс.: 100251,24,ЗЛЕЙБУ
Кщд.Рс.: 100288,24,ЙЩБННЙНЩН
Кщд.Рс.: 100295,24,СЕИХМНПХ
Кщд.Рс.: 100280,24,ЗМБИЙБУ
Кщд.Рс.: 100142,24,ИЕУУБЛПНЙКЗУ
Кщд.Рс.: 100091,24,ЙЩБННЙНЩН
Кщд.Рс.: 100285,24,ЙЩБННЙНЩН
Кщд.Рс.: 100221,24,РЙЕСЙБУ
Кщд.Рс.: 101308,24,БЧБЪБУ
Кщд.Рс.: 100277,24,БЧБЪБУ
Кщд.Рс.: 100274,24,КПЖБНЗУ
Кщд.Рс.: 100257,24,БЙФЩЛПБКБСНБНЙБУ
Кщд.Рс.: 101390,24,СПДПРЗУ
Кщд.Рс.: 100663,24,БЙФЩЛПБКБСНБНЙБУ
Кщд.Рс.: 100219,24,ЗЛЕЙБУ
Кщд.Рс.: 100255,24,МБГНЗУЙБУ
Кщд.Рс.: 100166,24,ЕХВПЙБУ
Кщд.Рс.: 100214,24,ЛБСЙУБУ
Кщд.Рс.: 100209,24,ЛЕХКБДБУ
Кщд.Рс.: 100755,24,РЕЛЛБУ
Кщд.Рс.: 100160,24,СЕИХМНПХ
Кщд.Рс.: 100170,24,БЧБЪБУ
Кщд.Рс.: 100207,24,СЕИХМНПХ
Кщд.Рс.: 100202,24,БСГПЛЙДБУ
Кщд.Рс.: 100217,24,ЛБСЙУБУ
Кщд.Рс.: 100216,24,ЛБСЙУБУ
Кщд.Рс.: 100020,24,МЕУУЗНЙБУ
Кщд.Рс.: 100288,24,БСФБУ
Кщд.Рс.: 100198,24,МБГНЗУЙБУ
Кщд.Рс.: 100180,24,МБГНЗУЙБУ
Кщд.Рс.: 100103,24,ЙЩБННЙНЩН
Кщд.Рс.: 101488,24,ЛБСЙУБУ
Кщд.Рс.: 100186,24,РЕЛЛБУ
Кщд.Рс.: 121998,24,КПСЙНИЙБУ
Кщд.Рс.: 100113,24,ГСЕВЕНЩН
Кщд.Рс.: 100064,24,ЗСБКЛЕЙПХ
Кщд.Рс.: 100114,24,ЙЩБННЙНЩН
Кщд.Рс.: 100128,24,МЕУУЗНЙБУ
Кщд.Рс.: 100112,24,ИЕУУБЛПНЙКЗУ
Кщд.Рс.: 100144,24,МБГНЗУЙБУ
Кщд.Рс.: 231809,24,ГСЕВЕНЩН
Кщд.Рс.: 100084,24,БСГПЛЙДБУ
Кщд.Рс.: 100119,24,БЧБЪБУ
Кщд.Рс.: 100029,24,ЙЩБННЙНЩН
Кщд.Рс.: 100050,24,РЙЕСЙБУ
Кщд.Рс.: 100027,24,КБВБЛБУ
Кщд.Рс.: 230451,24,ДСБМБУ
Кщд.Рс.: 100042,24,ЙЩБННЙНЩН
Кщд.Рс.: 231808,24,КПЖБНЗУ
Кщд.Рс.: 120546,24,БЧБЪБУ
Кщд.Рс.: 122820,24,ЕХВПЙБУ
Кщд.Рс.: 233264,24,ЕВСПХ
Кщд.Рс.: 100005,24,ЙЩБННЙНЩН
Кщд.Рс.: 232485,24,ЛБСЙУБУ
Кщд.Рс.: 100002,24,РСЕВЕЖБУ
Кщд.Рс.: 120523,24,ЛБКЩНЙБУ
Кщд.Рс.: 232802,24,КБСДЙФУБУ
Кщд.Рс.: 120999,24,ЗЛЕЙБУ
Кщд.Рс.: 122800,24,ВПЙЩФЙБУ
Кщд.Рс.: 232806,24,ЛБСЙУБУ
Кщд.Рс.: 232807,24,ФСЙКБЛЩН
Кщд.Рс.: 120532,24,МЕУУЗНЙБУ
Кщд.Рс.: 120535,24,БЧБЪБУ
Кщд.Рс.: 101096,24,БЧБЪБУ
Кщд.Рс.: 231790,24,РЙЕСЙБУ
Кщд.Рс.: 232798,24,ФСЙКБЛЩН
Кщд.Рс.: 231800,24,КБУФПСЙБУ
Кщд.Рс.: 231802,24,ЗМБИЙБУ
Кщд.Рс.: 231801,24,ЗМБИЙБУ
Кщд.Рс.: 230448,24,КБВБЛБУ
Кщд.Рс.: 231803,24,РЕЛЛБУ
Кщд.Рс.: 120530,24,ЗЛЕЙБУ
Кщд.Рс.: 100863,24,ИЕУУБЛПНЙКЗУ
Кщд.Рс.: 231798,24,КБУФПСЙБУ
Кщд.Рс.: 122810,24,БЙФЩЛПБКБСНБНЙБУ
Кщд.Рс.: 124500,24,СЕИХМНПХ
Кщд.Рс.: 120516,24,МЕУУЗНЙБУ
Кщд.Рс.: 232795,24,КБСДЙФУБУ
Кщд.Рс.: 123353,24,ЙЩБННЙНЩН
Кщд.Рс.: 100968,24,БСКБДЙБУ
Кщд.Рс.: 233263,24,ОБНИЗУ
Кщд.Рс.: 120520,24,КПСЙНИЙБУ
Кщд.Рс.: 232791,24,ЛБСЙУБУ
Кщд.Рс.: 231781,24,РЙЕСЙБУ
Кщд.Рс.: 231783,24,КПЖБНЗУ
Кщд.Рс.: 122806,24,БЙФЩЛПБКБСНБНЙБУ
Кщд.Рс.: 123352,24,ЙЩБННЙНЩН
Кщд.Рс.: 230445,24,ДСБМБУ
Кщд.Рс.: 122805,24,БЙФЩЛПБКБСНБНЙБУ
Кщд.Рс.: 230431,24,ДСБМБУ
Кщд.Рс.: 232785,24,ЛБСЙУБУ
Кщд.Рс.: 233261,24,ОБНИЗУ
Кщд.Рс.: 122802,24,БЙФЩЛПБКБСНБНЙБУ
Кщд.Рс.: 122803,24,ЦИЙЩФЙДБУ
Кщд.Рс.: 100797,24,ЛБСЙУБУ
Кщд.Рс.: 229900,24,ИЕУУБЛПНЙКЗУ
Кщд.Рс.: 231777,24,КПЖБНЗУ
Кщд.Рс.: 120511,24,БСГПЛЙДБУ
Кщд.Рс.: 122798,24,БЙФЩЛПБКБСНБНЙБУ
Кщд.Рс.: 232783,24,ЛБСЙУБУ
Кщд.Рс.: 231772,24,РЙЕСЙБУ
Кщд.Рс.: 231774,24,РЕЛЛБУ
Кщд.Рс.: 100493,24,БЧБЪБУ
Кщд.Рс.: 232781,24,ЛБСЙУБУ
Кщд.Рс.: 231774,24,РЕЛЛБУ
Кщд.Рс.: 123350,24,ЙЩБННЙНЩН
Кщд.Рс.: 124489,24,ЗСБКЛЕЙПХ
Кщд.Рс.: 120498,24,КПСЙНИЙБУ
Кщд.Рс.: 120493,24,КПСЙНИЙБУ
Кщд.Рс.: 231764,24,ГСЕВЕНЩН
Кщд.Рс.: 120497,24,ЗЛЕЙБУ
Кщд.Рс.: 120504,24,КПСЙНИЙБУ
Кщд.Рс.: 120490,24,МЕУУЗНЙБУ
Кщд.Рс.: 100599,24,КПСЙНИЙБУ
Кщд.Рс.: 120480,24,БЧБЪБУ
Кщд.Рс.: 120484,24,БСГПЛЙДБУ
Кщд.Рс.: 231768,24,КПЖБНЗУ
Кщд.Рс.: 229892,24,ИЕУУБЛПНЙКЗУ
Кщд.Рс.: 123348,24,ЙЩБННЙНЩН
Кщд.Рс.: 122790,24,ЕХВПЙБУ
Кщд.Рс.: 230438,24,ДСБМБУ
Кщд.Рс.: 230431,24,ДСБМБУ
Кщд.Рс.: 122791,24,ЕХВПЙБУ
Кщд.Рс.: 229878,24,ИЕУУБЛПНЙКЗУ
Кщд.Рс.: 230434,24,КБВБЛБУ
Кщд.Рс.: 122787,24,ВПЙЩФЙБУ
Кщд.Рс.: 230428,24,УЕССЩН
Кщд.Рс.: 230430,24,КБВБЛБУ
Кщд.Рс.: 231760,24,КБУФПСЙБУ
Кщд.Рс.: 120477,24,КПСЙНИЙБУ
Кщд.Рс.: 232771,24,МБГНЗУЙБУ
Кщд.Рс.: 120482,24,БЧБЪБУ
Кщд.Рс.: 100409,24,БСФБУ
Кщд.Рс.: 100871,24,ЛБСЙУБУ
Кщд.Рс.: 100797,24,ЛБСЙУБУ
Кщд.Рс.: 122786,24,ЦИЙЩФЙДБУ
Кщд.Рс.: 232770,24,МБГНЗУЙБУ
Кщд.Рс.: 120472,24,ЗЛЕЙБУ
Кщд.Рс.: 120471,24,БСГПЛЙДБУ
Кщд.Рс.: 120467,24,БСГПЛЙДБУ
Кщд.Рс.: 231759,24,КБУФПСЙБУ
Кщд.Рс.: 231758,24,РЕЛЛБУ
Кщд.Рс.: 232767,24,ЛБСЙУБУ
Кщд.Рс.: 124478,24,ЗСБКЛЕЙПХ
Кщд.Рс.: 233258,24,ОБНИЗУ
Кщд.Рс.: 232766,24,МБГНЗУЙБУ
Кщд.Рс.: 232765,24,МБГНЗУЙБУ
Кщд.Рс.: 233256,24,СПДПРЗУ
Кщд.Рс.: 232761,24,МБГНЗУЙБУ
Кщд.Рс.: 232760,24,ЛБСЙУБУ
Кщд.Рс.: 232764,24,ЛБСЙУБУ
Кщд.Рс.: 233254,24,СПДПРЗУ
Кщд.Рс.: 123333,24,ЙЩБННЙНЩН
Кщд.Рс.: 120457,24,БЧБЪБУ
Кщд.Рс.: 233255,24,ЕВСПХ
Кщд.Рс.: 232758,24,КБСДЙФУБУ
Кщд.Рс.: 123339,24,ЙЩБННЙНЩН
Кщд.Рс.: 231751,24,РЙЕСЙБУ
Кщд.Рс.: 122768,24,БЙФЩЛПБКБСНБНЙБУ
Кщд.Рс.: 230426,24,КБВБЛБУ
Кщд.Рс.: 233247,24,ЕВСПХ
Кщд.Рс.: 232753,24,КБСДЙФУБУ
Кщд.Рс.: 232735,24,КБСДЙФУБУ
Кщд.Рс.: 232759,24,ФСЙКБЛЩН
Кщд.Рс.: 122781,24,ЕХВПЙБУ
Кщд.Рс.: 233250,24,СПДПРЗУ
Кщд.Рс.: 123330,24,БСФБУ
Кщд.Рс.: 231753,24,КБУФПСЙБУ
Кщд.Рс.: 231748,24,РЕЛЛБУ
Кщд.Рс.: 231741,24,РЕЛЛБУ
Кщд.Рс.: 232752,24,КБСДЙФУБУ
Кщд.Рс.: 122772,24,ВПЙЩФЙБУ
Кщд.Рс.: 232755,24,ФСЙКБЛЩН
Кщд.Рс.: 101121,24,ЗСБКЛЕЙПХ
Кщд.Рс.: 232739,24,ЛБСЙУБУ
Кщд.Рс.: 122779,24,ВПЙЩФЙБУ
Кщд.Рс.: 232747,24,КБСДЙФУБУ
Кщд.Рс.: 123334,24,ЙЩБННЙНЩН
Кщд.Рс.: 122778,24,ЕХВПЙБУ
Кщд.Рс.: 122748,24,ЦИЙЩФЙДБУ
Кщд.Рс.: 233251,24,ОБНИЗУ
Кщд.Рс.: 233249,24,ЕВСПХ
Кщд.Рс.: 232745,24,ЛБСЙУБУ
Кщд.Рс.: 233240,24,ЕВСПХ
Кщд.Рс.: 122771,24,ЕХВПЙБУ
Кщд.Рс.: 232737,24,ЛБСЙУБУ
Кщд.Рс.: 232733,24,КБСДЙФУБУ
Кщд.Рс.: 100514,24,ВПЙЩФЙБУ
Кщд.Рс.: 232732,24,МБГНЗУЙБУ
Кщд.Рс.: 101209,24,ИЕУРСЩФЙБУ
Кщд.Рс.: 230448,24,КБВБЛБУ
Кщд.Рс.: 122759,24,БЙФЩЛПБКБСНБНЙБУ
Кщд.Рс.: 120437,24,МЕУУЗНЙБУ
Кщд.Рс.: 100303,24,ЕХВПЙБУ
Кщд.Рс.: 233246,24,ЕВСПХ
Кщд.Рс.: 101121,24,ЗСБКЛЕЙПХ
Кщд.Рс.: 120444,24,КПСЙНИЙБУ
Кщд.Рс.: 122763,24,БЙФЩЛПБКБСНБНЙБУ
Кщд.Рс.: 101390,24,ЕВСПХ
Кщд.Рс.: 232730,24,МБГНЗУЙБУ
Кщд.Рс.: 233243,24,ОБНИЗУ
Кщд.Рс.: 124465,24,СЕИХМНПХ
Кщд.Рс.: 231735,24,КПЖБНЗУ
Кщд.Рс.: 100257,24,БЙФЩЛПБКБСНБНЙБУ
Кщд.Рс.: 232738,24,ЛБСЙУБУ
Кщд.Рс.: 120424,24,КПСЙНИЙБУ
Кщд.Рс.: 123328,24,ЙЩБННЙНЩН
Кщд.Рс.: 231732,24,КБУФПСЙБУ
Кщд.Рс.: 232729,24,ФСЙКБЛЩН
Кщд.Рс.: 232727,24,ЛБСЙУБУ
Кщд.Рс.: 120421,24,БЧБЪБУ
Кщд.Рс.: 231730,24,КПЖБНЗУ
Кщд.Рс.: 230409,24,КБВБЛБУ
Кщд.Рс.: 231726,24,РЙЕСЙБУ
Кщд.Рс.: 229839,24,ИЕУУБЛПНЙКЗУ
Кщд.Рс.: 232724,24,МБГНЗУЙБУ
Кщд.Рс.: 123320,24,ЙЩБННЙНЩН
Кщд.Рс.: 232721,24,ЛБСЙУБУ
Кщд.Рс.: 233237,24,ОБНИЗУ
Кщд.Рс.: 230407,24,ДСБМБУ
Кщд.Рс.: 231721,24,КБУФПСЙБУ
Кщд.Рс.: 122744,24,БЙФЩЛПБКБСНБНЙБУ
Кщд.Рс.: 121997,24,БЧБЪБУ
Кщд.Рс.: 232765,24,МБГНЗУЙБУ
Кщд.Рс.: 121996,24,БЧБЪБУ
Кщд.Рс.: 124459,24,ЗСБКЛЕЙПХ
Кщд.Рс.: 122740,24,БЙФЩЛПБКБСНБНЙБУ
Кщд.Рс.: 230405,24,ДСБМБУ
Кщд.Рс.: 121994,24,БСКБДЙБУ
Кщд.Рс.: 233233,24,СПДПРЗУ
Кщд.Рс.: 123317,24,ЙЩБННЙНЩН
Кщд.Рс.: 123319,24,БСФБУ
Кщд.Рс.: 121987,24,БЧБЪБУ
Кщд.Рс.: 233232,24,ЕВСПХ
Кщд.Рс.: 233231,24,ЕВСПХ
Кщд.Рс.: 231713,24,РЙЕСЙБУ
Кщд.Рс.: 121984,24,БЧБЪБУ
Кщд.Рс.: 229825,24,ИЕУУБЛПНЙКЗУ
Кщд.Рс.: 231711,24,КПЖБНЗУ
Кщд.Рс.: 231702,24,РЙЕСЙБУ
Кщд.Рс.: 123315,24,ИЕУРСЩФЙБУ
Кщд.Рс.: 233230,24,ЕВСПХ
Кщд.Рс.: 231707,24,ЗМБИЙБУ
Кщд.Рс.: 123313,24,ЙЩБННЙНЩН
Кщд.Рс.: 123310,24,ЙЩБННЙНЩН
Кщд.Рс.: 231705,24,КПЖБНЗУ
Кщд.Рс.: 124454,24,ЗСБКЛЕЙПХ
Кщд.Рс.: 100514,24,ВПЙЩФЙБУ
Кщд.Рс.: 122736,24,ВПЙЩФЙБУ
Кщд.Рс.: 123308,24,БСФБУ
Кщд.Рс.: 122729,24,ВПЙЩФЙБУ
Кщд.Рс.: 121979,24,БЧБЪБУ
Кщд.Рс.: 231700,24,РЕЛЛБУ
Кщд.Рс.: 230396,24,ДСБМБУ
Кщд.Рс.: 231701,24,РЙЕСЙБУ
Кщд.Рс.: 121976,24,БЧБЪБУ
Кщд.Рс.: 121977,24,БСКБДЙБУ
Кщд.Рс.: 124452,24,ЗСБКЛЕЙПХ
Кщд.Рс.: 122763,24,БЙФЩЛПБКБСНБНЙБУ
Кщд.Рс.: 124451,24,ЗСБКЛЕЙПХ
Кщд.Рс.: 230392,24,ДСБМБУ
Кщд.Рс.: 230395,24,КБВБЛБУ
Кщд.Рс.: 231697,24,ЦЛЩСЙНБУ
Кщд.Рс.: 232709,24,ЛБСЙУБУ
Кщд.Рс.: 100255,24,МБГНЗУЙБУ
Кщд.Рс.: 121971,24,БСКБДЙБУ
Кщд.Рс.: 233229,24,ЕВСПХ
Кщд.Рс.: 232706,24,ЛБСЙУБУ
Кщд.Рс.: 231694,24,ЦЛЩСЙНБУ
Кщд.Рс.: 231695,24,РЙЕСЙБУ
Кщд.Рс.: 233228,24,ЕВСПХ
Кщд.Рс.: 101014,24,БСГПЛЙДБУ
Кщд.Рс.: 231693,24,РЙЕСЙБУ
Кщд.Рс.: 231689,24,РЕЛЛБУ
Кщд.Рс.: 121964,24,ЗЛЕЙБУ
Кщд.Рс.: 232704,24,МБГНЗУЙБУ
Кщд.Рс.: 231687,24,КБУФПСЙБУ
Кщд.Рс.: 121956,24,БЧБЪБУ
Кщд.Рс.: 231685,24,РЕЛЛБУ
Кщд.Рс.: 121954,24,БСГПЛЙДБУ
Кщд.Рс.: 230389,24,ДСБМБУ
Кщд.Рс.: 231682,24,ЗМБИЙБУ
Кщд.Рс.: 123302,24,ЙЩБННЙНЩН
Кщд.Рс.: 122723,24,БЙФЩЛПБКБСНБНЙБУ
Кщд.Рс.: 121952,24,КПСЙНИЙБУ
Кщд.Рс.: 122724,24,ВПЙЩФЙБУ
Кщд.Рс.: 232702,24,МБГНЗУЙБУ
Кщд.Рс.: 123303,24,ЙЩБННЙНЩН
Кщд.Рс.: 122721,24,ЦИЙЩФЙДБУ
Кщд.Рс.: 231679,24,РЙЕСЙБУ
Кщд.Рс.: 122719,24,ЦИЙЩФЙДБУ
Кщд.Рс.: 100811,24,КЙЛКЙУ
Кщд.Рс.: 121946,24,КПСЙНИЙБУ
Кщд.Рс.: 230385,24,ДСБМБУ
Кщд.Рс.: 121945,24,БЧБЪБУ
Кщд.Рс.: 123301,24,РСЕВЕЖБУ
Кщд.Рс.: 232694,24,МБГНЗУЙБУ
Кщд.Рс.: 229785,24,ИЕУУБЛПНЙКЗУ
Кщд.Рс.: 231673,24,КПЖБНЗУ
Кщд.Рс.: 123299,24,ЙЩБННЙНЩН
Кщд.Рс.: 122711,24,ЦЩКЙДБУ
Кщд.Рс.: 233221,24,ОБНИЗУ
Кщд.Рс.: 124444,24,ЗСБКЛЕЙПХ
Кщд.Рс.: 123298,24,БСФБУ
Кщд.Рс.: 122759,24,БЙФЩЛПБКБСНБНЙБУ
Кщд.Рс.: 122709,24,ЦИЙЩФЙДБУ
Кщд.Рс.: 121938,24,БЧБЪБУ
Кщд.Рс.: 232688,24,ФСЙКБЛЩН
Кщд.Рс.: 124440,24,ЗСБКЛЕЙПХ
Кщд.Рс.: 121937,24,МЕУУЗНЙБУ
Кщд.Рс.: 232687,24,КБСДЙФУБУ
Кщд.Рс.: 230379,24,КБВБЛБУ
Кщд.Рс.: 232684,24,ЛБСЙУБУ
Кщд.Рс.: 122705,24,ЦИЙЩФЙДБУ
Кщд.Рс.: 231671,24,ЦЛЩСЙНБУ
Кщд.Рс.: 123296,24,ЙЩБННЙНЩН
Кщд.Рс.: 232761,24,МБГНЗУЙБУ
Кщд.Рс.: 124436,24,ЗСБКЛЕЙПХ
Кщд.Рс.: 233218,24,СПДПРЗУ
Кщд.Рс.: 124434,24,ЗСБКЛЕЙПХ
Кщд.Рс.: 123293,24,ЙЩБННЙНЩН
Кщд.Рс.: 121931,24,КПСЙНИЙБУ
Кщд.Рс.: 122695,24,ЕХВПЙБУ
Кщд.Рс.: 230372,24,ДСБМБУ
Кщд.Рс.: 230371,24,ДСБМБУ
Кщд.Рс.: 122690,24,ЦИЙЩФЙДБУ
Кщд.Рс.: 121924,24,МЕУУЗНЙБУ
Кщд.Рс.: 232675,24,МБГНЗУЙБУ
Кщд.Рс.: 121922,24,КПСЙНИЙБУ
Кщд.Рс.: 122689,24,ЕХВПЙБУ
Кщд.Рс.: 232730,24,МБГНЗУЙБУ
Кщд.Рс.: 100600,24,БСГПЛЙДБУ
Кщд.Рс.: 231665,24,КПЖБНЗУ
Кщд.Рс.: 231664,24,РЙЕСЙБУ
Кщд.Рс.: 121919,24,МЕУУЗНЙБУ
Кщд.Рс.: 233217,24,ОБНИЗУ
Кщд.Рс.: 232668,24,МБГНЗУЙБУ
Кщд.Рс.: 121916,24,БЧБЪБУ
Кщд.Рс.: 231660,24,РЕЛЛБУ
Кщд.Рс.: 232664,24,МБГНЗУЙБУ
Кщд.Рс.: 233216,24,ОБНИЗУ
Кщд.Рс.: 120511,24,БСГПЛЙДБУ
Кщд.Рс.: 229755,24,КЙЛКЙУ
Кщд.Рс.: 121909,24,ЗЛЕЙБУ
Кщд.Рс.: 233215,24,ОБНИЗУ
Кщд.Рс.: 231657,24,ЗМБИЙБУ
Кщд.Рс.: 121902,24,БЧБЪБУ
Кщд.Рс.: 231648,24,КПЖБНЗУ
Кщд.Рс.: 121897,24,БЧБЪБУ
Кщд.Рс.: 231645,24,РЕЛЛБУ
Кщд.Рс.: 232651,24,ФСЙКБЛЩН
Кщд.Рс.: 232648,24,МБГНЗУЙБУ
Кщд.Рс.: 231643,24,РЙЕСЙБУ
Кщд.Рс.: 124424,24,ЗСБКЛЕЙПХ
Кщд.Рс.: 100600,24,БСГПЛЙДБУ
Кщд.Рс.: 122673,24,ВПЙЩФЙБУ
Кщд.Рс.: 121890,24,МЕУУЗНЙБУ
Кщд.Рс.: 100221,24,РЙЕСЙБУ
Кщд.Рс.: 230353,24,ДСБМБУ
Кщд.Рс.: 100787,24,ЛБСЙУБУ
Кщд.Рс.: 121885,24,БЧБЪБУ
Кщд.Рс.: 231664,24,РЙЕСЙБУ
Кщд.Рс.: 121887,24,ЛБКЩНЙБУ
Кщд.Рс.: 121876,24,БЧБЪБУ
Кщд.Рс.: 121869,24,КПСЙНИЙБУ
Кщд.Рс.: 122665,24,ЕХВПЙБУ
Кщд.Рс.: 233246,24,ЕВСПХ
Кщд.Рс.: 231630,24,РЙЕСЙБУ
Кщд.Рс.: 121867,24,БСГПЛЙДБУ
Кщд.Рс.: 121864,24,БСГПЛЙДБУ
Кщд.Рс.: 232635,24,МБГНЗУЙБУ
Кщд.Рс.: 121860,24,БЧБЪБУ
Кщд.Рс.: 124409,24,ЗСБКЛЕЙПХ
Кщд.Рс.: 232629,24,МБГНЗУЙБУ
Кщд.Рс.: 121859,24,ЗЛЕЙБУ
Кщд.Рс.: 100409,24,БСФБУ
Кщд.Рс.: 233202,24,СПДПРЗУ
Кщд.Рс.: 122649,24,ЦИЙЩФЙДБУ
Кщд.Рс.: 121848,24,ЛБКЩНЙБУ
Кщд.Рс.: 121849,24,БЧБЪБУ
Кщд.Рс.: 122648,24,ЕХСХФБНЙБУ
Кщд.Рс.: 123280,24,ЙЩБННЙНЩН
Кщд.Рс.: 121845,24,БЧБЪБУ
Кщд.Рс.: 229696,24,КЙЛКЙУ
Кщд.Рс.: 121838,24,МЕУУЗНЙБУ
Кщд.Рс.: 123275,24,ЙЩБННЙНЩН
Кщд.Рс.: 121837,24,БСКБДЙБУ
Кщд.Рс.: 231617,24,ЗМБИЙБУ
Кщд.Рс.: 232574,24,ФСЙКБЛЩН
Кщд.Рс.: 122640,24,ЕХВПЙБУ
Кщд.Рс.: 229683,24,КЙЛКЙУ
Кщд.Рс.: 232613,24,МБГНЗУЙБУ
Кщд.Рс.: 231576,24,ГСЕВЕНЩН
Кщд.Рс.: 232615,24,ФСЙКБЛЩН
Кщд.Рс.: 233251,24,ОБНИЗУ
Кщд.Рс.: 232612,24,ЛБСЙУБУ
Кщд.Рс.: 121829,24,БЧБЪБУ
Кщд.Рс.: 122634,24,ВПЙЩФЙБУ
Кщд.Рс.: 230338,24,ДСБМБУ
Кщд.Рс.: 122632,24,БЙФЩЛПБКБСНБНЙБУ
Кщд.Рс.: 122628,24,ЕХВПЙБУ
Кщд.Рс.: 121820,24,БЧБЪБУ
Кщд.Рс.: 231610,24,РЙЕСЙБУ
Кщд.Рс.: 231608,24,РЙЕСЙБУ
Кщд.Рс.: 231606,24,КПЖБНЗУ
Кщд.Рс.: 230335,24,УЕССЩН
Кщд.Рс.: 233190,24,ОБНИЗУ
Кщд.Рс.: 121812,24,ЗЛЕЙБУ
Кщд.Рс.: 121809,24,БЧБЪБУ
Кщд.Рс.: 122620,24,ЦЩКЙДБУ
Кщд.Рс.: 122623,24,ЕХСХФБНЙБУ
Кщд.Рс.: 121806,24,БЧБЪБУ
Кщд.Рс.: 122618,24,ЦИЙЩФЙДБУ
Кщд.Рс.: 230327,24,КБВБЛБУ
Кщд.Рс.: 121802,24,ЗЛЕЙБУ
Кщд.Рс.: 121801,24,ЛБКЩНЙБУ
Кщд.Рс.: 124398,24,ЗСБКЛЕЙПХ
Кщд.Рс.: 100303,24,ЕХВПЙБУ
Кщд.Рс.: 123267,24,РСЕВЕЖБУ
Кщд.Рс.: 231593,24,РЙЕСЙБУ
Кщд.Рс.: 121795,24,БЧБЪБУ
Кщд.Рс.: 122607,24,ЕХВПЙБУ
Кщд.Рс.: 121791,24,БЧБЪБУ
Кщд.Рс.: 229755,24,КЙЛКЙУ
Кщд.Рс.: 231588,24,РЙЕСЙБУ
Кщд.Рс.: 230318,24,УЕССЩН
Кщд.Рс.: 231585,24,РЕЛЛБУ
Кщд.Рс.: 100257,24,БЧБЪБУ
Кщд.Рс.: 121789,24,КПСЙНИЙБУ
Кщд.Рс.: 122600,24,ЦИЙЩФЙДБУ
Кщд.Рс.: 121785,24,БСГПЛЙДБУ
Кщд.Рс.: 121782,24,БЧБЪБУ
Кщд.Рс.: 121781,24,КПСЙНИЙБУ
Кщд.Рс.: 121780,24,БЧБЪБУ
Кщд.Рс.: 231577,24,ГСЕВЕНЩН
Кщд.Рс.: 122592,24,ЕХВПЙБУ
Кщд.Рс.: 230314,24,ДСБМБУ
Кщд.Рс.: 231569,24,КБУФПСЙБУ
Кщд.Рс.: 232573,24,КБСДЙФУБУ
Кщд.Рс.: 122583,24,ЕХВПЙБУ
Кщд.Рс.: 121773,24,БСГПЛЙДБУ
Кщд.Рс.: 232566,24,ФСЙКБЛЩН
Кщд.Рс.: 231558,24,ЗМБИЙБУ
Кщд.Рс.: 122577,24,ЦЩКЙДБУ
Кщд.Рс.: 231559,24,ЗМБИЙБУ
Кщд.Рс.: 100280,24,ЗМБИЙБУ
Кщд.Рс.: 232629,24,МБГНЗУЙБУ
Кщд.Рс.: 231553,24,КБУФПСЙБУ
Кщд.Рс.: 127117,24,ЛЕХКБДБУ
Кщд.Рс.: 121764,24,БЧБЪБУ
Кщд.Рс.: 232555,24,ФСЙКБЛЩН
Кщд.Рс.: 233176,24,ОБНИЗУ
Кщд.Рс.: 231543,24,РЕЛЛБУ
Кщд.Рс.: 124381,24,СЕИХМНПХ
Кщд.Рс.: 232546,24,ЛБСЙУБУ
Кщд.Рс.: 124378,24,ЗСБКЛЕЙПХ
Кщд.Рс.: 232545,24,ЛБСЙУБУ
Кщд.Рс.: 233174,24,ЕВСПХ
Кщд.Рс.: 123245,24,РСЕВЕЖБУ
Кщд.Рс.: 121745,24,БЧБЪБУ
Кщд.Рс.: 232537,24,ФСЙКБЛЩН
Кщд.Рс.: 121744,24,КПСЙНИЙБУ
Кщд.Рс.: 121742,24,БЧБЪБУ
Кщд.Рс.: 232534,24,ЛБСЙУБУ
Кщд.Рс.: 124373,24,ЗСБКЛЕЙПХ
Кщд.Рс.: 124370,24,ЗСБКЛЕЙПХ
Кщд.Рс.: 233170,24,ЕВСПХ
Кщд.Рс.: 101121,24,ЗСБКЛЕЙПХ
Кщд.Рс.: 121733,24,БЧБЪБУ
Кщд.Рс.: 229584,24,КЙЛКЙУ
Кщд.Рс.: 232530,24,ЛБСЙУБУ
Кщд.Рс.: 121729,24,БЧБЪБУ
Кщд.Рс.: 121717,24,БЧБЪБУ
Кщд.Рс.: 231510,24,КБУФПСЙБУ
Кщд.Рс.: 122541,24,ЦИЙЩФЙДБУ
Кщд.Рс.: 124358,24,ЗСБКЛЕЙПХ
Кщд.Рс.: 232515,24,КБСДЙФУБУ
Кщд.Рс.: 232513,24,ЛБСЙУБУ
Кщд.Рс.: 232510,24,ФСЙКБЛЩН
Кщд.Рс.: 122535,24,БЙФЩЛПБКБСНБНЙБУ
Кщд.Рс.: 231502,24,ЗМБИЙБУ
Кщд.Рс.: 123229,24,ЙЩБННЙНЩН
Кщд.Рс.: 233157,24,ЕВСПХ
Кщд.Рс.: 121700,24,БЧБЪБУ
Кщд.Рс.: 123227,24,БСФБУ
Кщд.Рс.: 123225,24,ЙЩБННЙНЩН
Кщд.Рс.: 100600,24,БСГПЛЙДБУ
Кщд.Рс.: 230268,24,ДСБМБУ
Кщд.Рс.: 231486,24,ЗМБИЙБУ
Кщд.Рс.: 231484,24,РЙЕСЙБУ
Кщд.Рс.: 121686,24,БЧБЪБУ
Кщд.Рс.: 124346,24,СЕИХМНПХ
Кщд.Рс.: 122517,24,ЕХВПЙБУ
Кщд.Рс.: 231473,24,ЗМБИЙБУ
Кщд.Рс.: 121683,24,МЕУУЗНЙБУ
Кщд.Рс.: 121681,24,БЧБЪБУ
Кщд.Рс.: 122510,24,БЙФЩЛПБКБСНБНЙБУ
Кщд.Рс.: 232648,24,МБГНЗУЙБУ
Кщд.Рс.: 122509,24,ЕХВПЙБУ
Кщд.Рс.: 232473,24,ЛБСЙУБУ
Кщд.Рс.: 231458,24,ЗМБИЙБУ
Кщд.Рс.: 231451,24,КПЖБНЗУ
Кщд.Рс.: 232470,24,ЛБСЙУБУ
Кщд.Рс.: 101121,24,ЗСБКЛЕЙПХ
Кщд.Рс.: 101121,24,ЗСБКЛЕЙПХ
Кщд.Рс.: 229482,24,ИЕУУБЛПНЙКЗУ
Кщд.Рс.: 101121,24,ЗСБКЛЕЙПХ
Кщд.Рс.: 101121,24,ЗСБКЛЕЙПХ
Кщд.Рс.: 233140,24,ОБНИЗУ
Кщд.Рс.: 101121,24,ЗСБКЛЕЙПХ
Кщд.Рс.: 101121,24,ЗСБКЛЕЙПХ
Кщд.Рс.: 101121,24,ЗСБКЛЕЙПХ
Кщд.Рс.: 232463,24,ЛБСЙУБУ
Кщд.Рс.: 101121,24,ЗСБКЛЕЙПХ
Кщд.Рс.: 121656,24,КПСЙНИЙБУ
Кщд.Рс.: 100593,24,БЧБЪБУ
Кщд.Рс.: 121654,24,БЧБЪБУ
Кщд.Рс.: 121648,24,БСКБДЙБУ
Кщд.Рс.: 233135,24,СПДПРЗУ
Кщд.Рс.: 121647,24,МЕУУЗНЙБУ
Кщд.Рс.: 231428,24,КПЖБНЗУ
Кщд.Рс.: 124305,24,ЗСБКЛЕЙПХ
Кщд.Рс.: 121644,24,ЛБКЩНЙБУ
Кщд.Рс.: 233140,24,БЙФЩЛПБКБСНБНЙБУ
Кщд.Рс.: 121638,24,БЧБЪБУ
Кщд.Рс.: 123205,24,ИЕУРСЩФЙБУ
Кщд.Рс.: 232446,24,ЛБСЙУБУ
Кщд.Рс.: 122478,24,ВПЙЩФЙБУ
Кщд.Рс.: 124289,24,ЗСБКЛЕЙПХ
Кщд.Рс.: 232439,24,МБГНЗУЙБУ
Кщд.Рс.: 122470,24,ЕХВПЙБУ
Кщд.Рс.: 124285,24,ЗСБКЛЕЙПХ
Кщд.Рс.: 124283,24,ЗСБКЛЕЙПХ
Кщд.Рс.: 231411,24,РЕЛЛБУ
Кщд.Рс.: 121838,24,МЕУУЗНЙБУ
Кщд.Рс.: 124269,24,ЗСБКЛЕЙПХ
Кщд.Рс.: 231396,24,РЕЛЛБУ
Кщд.Рс.: 122450,24,ЦИЙЩФЙДБУ
Кщд.Рс.: 124265,24,СЕИХМНПХ
Кщд.Рс.: 122444,24,БЙФЩЛПБКБСНБНЙБУ
Кщд.Рс.: 232422,24,ЛБСЙУБУ
Кщд.Рс.: 121576,24,БСГПЛЙДБУ
Кщд.Рс.: 124263,24,СЕИХМНПХ
Кщд.Рс.: 123184,24,ЙЩБННЙНЩН
Кщд.Рс.: 232408,24,КБСДЙФУБУ
Кщд.Рс.: 231218,24,КПЖБНЗУ
Кщд.Рс.: 230181,24,УЕССЩН
Кщд.Рс.: 231185,24,КПЖБНЗУ
Кщд.Рс.: 231183,24,ЗМБИЙБУ
Кщд.Рс.: 121561,24,БЧБЪБУ
Кщд.Рс.: 229356,24,ИЕУУБЛПНЙКЗУ
Кщд.Рс.: 232273,24,ЛБСЙУБУ
Кщд.Рс.: 123167,24,ЙЩБННЙНЩН
Кщд.Рс.: 231107,24,РЕЛЛБУ
Кщд.Рс.: 230089,24,ДСБМБУ
Кщд.Рс.: 231084,24,КБУФПСЙБУ
Кщд.Рс.: 121545,24,ЗЛЕЙБУ
Кщд.Рс.: 121542,24,ЗЛЕЙБУ
Кщд.Рс.: 121543,24,ЛБКЩНЙБУ
Кщд.Рс.: 122420,24,ЕХВПЙБУ
Кщд.Рс.: 124246,24,СЕИХМНПХ
Кщд.Рс.: 121529,24,КПСЙНИЙБУ
Кщд.Рс.: 121391,24,МЕУУЗНЙБУ
Кщд.Рс.: 229118,24,ИЕУУБЛПНЙКЗУ
Кщд.Рс.: 232022,24,ФСЙКБЛЩН
Кщд.Рс.: 233243,24,ОБНИЗУ
Кщд.Рс.: 233124,24,ОБНИЗУ
Кщд.Рс.: 232405,24,ЛБСЙУБУ
Кщд.Рс.: 123171,24,РСЕВЕЖБУ
Кщд.Рс.: 233118,24,ОБНИЗУ
Кщд.Рс.: 233116,24,ЕВСПХ
Кщд.Рс.: 123123,24,ЙЩБННЙНЩН
Кщд.Рс.: 232390,24,МБГНЗУЙБУ
Кщд.Рс.: 233114,24,СПДПРЗУ
Кщд.Рс.: 122122,24,БЙФЩЛПБКБСНБНЙБУ
Кщд.Рс.: 231370,24,РЙЕСЙБУ
Кщд.Рс.: 123151,24,ИЕУРСЩФЙБУ
Кщд.Рс.: 124084,24,СЕИХМНПХ
Кщд.Рс.: 122097,24,ЕХВПЙБУ
Кщд.Рс.: 121125,24,ЗЛЕЙБУ
Кщд.Рс.: 232068,24,МБГНЗУЙБУ
Кщд.Рс.: 231286,24,РЕЛЛБУ
Кщд.Рс.: 229110,24,ИЕУУБЛПНЙКЗУ
Кщд.Рс.: 230079,24,УЕССЩН
Кщд.Рс.: 231125,24,ЗМБИЙБУ
Кщд.Рс.: 124225,24,ЗСБКЛЕЙПХ
Кщд.Рс.: 231347,24,РЙЕСЙБУ
Кщд.Рс.: 121452,24,МЕУУЗНЙБУ
Кщд.Рс.: 121457,24,БСКБДЙБУ
Кщд.Рс.: 123134,24,ИЕУРСЩФЙБУ
Кщд.Рс.: 121444,24,БЧБЪБУ
Кщд.Рс.: 232324,24,ЛБСЙУБУ
Кщд.Рс.: 122328,24,ЦИЙЩФЙДБУ
Кщд.Рс.: 229288,24,КЙЛКЙУ
Кщд.Рс.: 122309,24,ВПЙЩФЙБУ
Кщд.Рс.: 229258,24,ИЕУУБЛПНЙКЗУ
Кщд.Рс.: 121401,24,БСГПЛЙДБУ
Кщд.Рс.: 121265,24,БЧБЪБУ
Кщд.Рс.: 232134,24,ЛБСЙУБУ
Кщд.Рс.: 230031,24,КБВБЛБУ
Кщд.Рс.: 124009,24,ЗСБКЛЕЙПХ
Кщд.Рс.: 101511,48,ЗЛЕЙБУ
Кщд.Рс.: 101428,48,ЛБУЙИЙПХ
Кщд.Рс.: 101437,48,ИЕУРСЩФЙБУ
Кщд.Рс.: 101471,48,НЗУЩН
Кщд.Рс.: 101473,48,ЧБНЙЩН
Кщд.Рс.: 101482,48,ИЕУУБЛПНЙКЗУ
Кщд.Рс.: 101374,48,КБСДЙФУБУ
Кщд.Рс.: 101439,48,ЗМБИЙБУ
Кщд.Рс.: 101301,48,РЙЕСЙБУ
Кщд.Рс.: 101324,48,КПЖБНЗУ
Кщд.Рс.: 101452,48,ЧБНЙЩН
Кщд.Рс.: 101282,48,ЧБЛКЙДЙКЗУ
Кщд.Рс.: 101376,48,МЕУУЗНЙБУ
Кщд.Рс.: 100755,48,РЕЛЛБУ
Кщд.Рс.: 101066,48,КПСЙНИЙБУ
Кщд.Рс.: 101319,48,ЧБНЙЩН
Кщд.Рс.: 101286,48,ИЕУУБЛПНЙКЗУ
Кщд.Рс.: 101196,48,ИЕУРСЩФЙБУ
Кщд.Рс.: 101208,48,ЦИЙЩФЙДБУ
Кщд.Рс.: 101198,48,РСЕВЕЖБУ
Кщд.Рс.: 101186,48,ДСБМБУ
Кщд.Рс.: 101163,48,ДХФЙКЗУ БФФЙКЗУ
Кщд.Рс.: 101190,48,ИЕУРСЩФЙБУ
Кщд.Рс.: 101168,48,КБВБЛБУ
Кщд.Рс.: 101150,48,НЗУЩН
Кщд.Рс.: 101040,48,УЕССЩН
Кщд.Рс.: 101141,48,ЧБЛКЙДЙКЗУ
Кщд.Рс.: 101029,48,ЛБУЙИЙПХ
Кщд.Рс.: 101120,48,ЧБЛКЙДЙКЗУ
Кщд.Рс.: 101114,48,ЧБНЙЩН
Кщд.Рс.: 101067,48,КПСЙНИЙБУ
Кщд.Рс.: 101113,48,ЛБСЙУБУ
Кщд.Рс.: 101063,48,КБВБЛБУ
Кщд.Рс.: 101125,48,БЧБЪБУ
Кщд.Рс.: 101010,48,КПСЙНИЙБУ
Кщд.Рс.: 101061,48,ФСЙКБЛЩН
Кщд.Рс.: 101059,48,РСЕВЕЖБУ
Кщд.Рс.: 101002,48,БСФБУ
Кщд.Рс.: 100953,48,БСКБДЙБУ
Кщд.Рс.: 100929,48,МЕУУЗНЙБУ
Кщд.Рс.: 101004,48,БЙФЩЛПБКБСНБНЙБУ
Кщд.Рс.: 100977,48,КПСЙНИЙБУ
Кщд.Рс.: 100996,48,ЗЛЕЙБУ
Кщд.Рс.: 100961,48,КБВБЛБУ
Кщд.Рс.: 100947,48,БЧБЪБУ
Кщд.Рс.: 101191,48,ИЕУУБЛПНЙКЗУ
Кщд.Рс.: 100873,48,УЕССЩН
Кщд.Рс.: 100936,48,КБСДЙФУБУ
Кщд.Рс.: 100957,48,ЦИЙЩФЙДБУ
Кщд.Рс.: 100924,48,КБВБЛБУ
Кщд.Рс.: 100002,48,БСФБУ
Кщд.Рс.: 100859,48,ЧБЛКЙДЙКЗУ
Кщд.Рс.: 100720,48,РСЕВЕЖБУ
Кщд.Рс.: 101142,48,БСФБУ
Кщд.Рс.: 100912,48,ИЕУУБЛПНЙКЗУ
Кщд.Рс.: 100893,48,ИЕУУБЛПНЙКЗУ
Кщд.Рс.: 101222,48,БСКБДЙБУ
Кщд.Рс.: 100861,48,ИЕУУБЛПНЙКЗУ
Кщд.Рс.: 100865,48,ЧБЛКЙДЙКЗУ
Кщд.Рс.: 100825,48,КЙЛКЙУ
Кщд.Рс.: 100613,48,ЗЛЕЙБУ
Кщд.Рс.: 100718,48,УЕССЩН
Кщд.Рс.: 101383,48,БЙФЩЛПБКБСНБНЙБУ
Кщд.Рс.: 100792,48,ФСЙКБЛЩН
Кщд.Рс.: 100706,48,КБВБЛБУ
Кщд.Рс.: 100700,48,КЕСКХСБУ
Кщд.Рс.: 100733,48,ЧБЛКЙДЙКЗУ
Кщд.Рс.: 100741,48,ЗЛЕЙБУ
Кщд.Рс.: 100714,48,ЧБЛКЙДЙКЗУ
Кщд.Рс.: 100692,48,ЧБЛКЙДЙКЗУ
Кщд.Рс.: 100555,48,БЙФЩЛПБКБСНБНЙБУ
Кщд.Рс.: 100669,48,ЧБЛКЙДЙКЗУ
Кщд.Рс.: 100666,48,ЗМБИЙБУ
Кщд.Рс.: 100661,48,КЕСКХСБУ
Кщд.Рс.: 100675,48,ЧБЛКЙДЙКЗУ
Кщд.Рс.: 100654,48,ЧБНЙЩН
Кщд.Рс.: 100643,48,КБСДЙФУБУ
Кщд.Рс.: 100635,48,ЧБЛКЙДЙКЗУ
Кщд.Рс.: 100551,48,УЕССЩН
Кщд.Рс.: 100588,48,БЙФЩЛПБКБСНБНЙБУ
Кщд.Рс.: 101029,48,ЛБУЙИЙПХ
Кщд.Рс.: 100619,48,ЙЩБННЙНЩН
Кщд.Рс.: 100602,48,КПСЙНИЙБУ
Кщд.Рс.: 100681,48,КБВБЛБУ
Кщд.Рс.: 100573,48,ЗЛЕЙБУ
Кщд.Рс.: 100549,48,РЕЛЛБУ
Кщд.Рс.: 100549,48,РЕЛЛБУ
Кщд.Рс.: 100619,48,ЙЩБННЙНЩН
Кщд.Рс.: 101168,48,КБВБЛБУ
Кщд.Рс.: 100476,48,РЙЕСЙБУ
Кщд.Рс.: 100475,48,КЕСКХСБУ
Кщд.Рс.: 100692,48,ЧБЛКЙДЙКЗУ
Кщд.Рс.: 101544,48,КПСЙНИЙБУ
Кщд.Рс.: 100426,48,ЧБНЙЩН
Кщд.Рс.: 100415,48,КЙЛКЙУ
Кщд.Рс.: 101198,48,ИЕУРСЩФЙБУ
Кщд.Рс.: 100376,48,ЗМБИЙБУ
Кщд.Рс.: 100438,48,ЕХВПЙБУ
Кщд.Рс.: 100391,48,ИЕУУБЛПНЙКЗУ
Кщд.Рс.: 100343,48,ЦИЙЩФЙДБУ
Кщд.Рс.: 100389,48,ИЕУРСЩФЙБУ
Кщд.Рс.: 100342,48,УЕССЩН
Кщд.Рс.: 100327,48,УЕССЩН
Кщд.Рс.: 100320,48,КЕСКХСБУ
Кщд.Рс.: 100386,48,БЙФЩЛПБКБСНБНЙБУ
Кщд.Рс.: 101003,48,БЙФЩЛПБКБСНБНЙБУ
Кщд.Рс.: 100335,48,ЧБНЙЩН
Кщд.Рс.: 100319,48,КБВБЛБУ
Кщд.Рс.: 100293,48,НЗУЩН
Кщд.Рс.: 101359,48,ЗМБИЙБУ
Кщд.Рс.: 100347,48,НЗУЩН
Кщд.Рс.: 100310,48,КБВБЛБУ
Кщд.Рс.: 100268,48,БСГПЛЙДБУ
Кщд.Рс.: 100282,48,ЧБЛКЙДЙКЗУ
Кщд.Рс.: 100264,48,ЗМБИЙБУ
Кщд.Рс.: 100262,48,ЧБЛКЙДЙКЗУ
Кщд.Рс.: 100290,48,ЧБЛКЙДЙКЗУ
Кщд.Рс.: 100273,48,ЧБЛКЙДЙКЗУ
Кщд.Рс.: 100158,48,ЧБЛКЙДЙКЗУ
Кщд.Рс.: 233118,48,РЙЕСЙБУ
Кщд.Рс.: 101480,48,ИЕУУБЛПНЙКЗУ
Кщд.Рс.: 100232,48,ЦЛЩСЙНБУ
Кщд.Рс.: 100239,48,ФСЙКБЛЩН
Кщд.Рс.: 100199,48,БЧБЪБУ
Кщд.Рс.: 100714,48,ЧБЛКЙДЙКЗУ
Кщд.Рс.: 100197,48,ИЕУУБЛПНЙКЗУ
Кщд.Рс.: 100203,48,ФСЙКБЛЩН
Кщд.Рс.: 101003,48,БЙФЩЛПБКБСНБНЙБУ
Кщд.Рс.: 121914,48,ЗЛЕЙБУ
Кщд.Рс.: 100141,48,КЙЛКЙУ
Кщд.Рс.: 100051,48,РЙЕСЙБУ
Кщд.Рс.: 100137,48,ЦЩКЙДБУ
Кщд.Рс.: 100021,48,ЛБУЙИЙПХ
Кщд.Рс.: 100052,48,РЙЕСЙБУ
Кщд.Рс.: 230434,48,КБВБЛБУ
Кщд.Рс.: 100004,48,ИЕУРСЩФЙБУ
Кщд.Рс.: 100033,48,ДХФЙКЗУ БФФЙКЗУ
Кщд.Рс.: 123361,48,РСЕВЕЖБУ
Кщд.Рс.: 232808,48,КБСДЙФУБУ
Кщд.Рс.: 100011,48,ЧБЛКЙДЙКЗУ
Кщд.Рс.: 229946,48,КЙЛКЙУ
Кщд.Рс.: 124509,48,ЗСБКЛЕЙПХ
Кщд.Рс.: 123359,48,БСФБУ
Кщд.Рс.: 231806,48,КПЖБНЗУ
Кщд.Рс.: 232802,48,КБСДЙФУБУ
Кщд.Рс.: 100741,48,ЗЛЕЙБУ
Кщд.Рс.: 122821,48,БЙФЩЛПБКБСНБНЙБУ
Кщд.Рс.: 120539,48,ЗЛЕЙБУ
Кщд.Рс.: 122819,48,БЙФЩЛПБКБСНБНЙБУ
Кщд.Рс.: 229941,48,ИЕУУБЛПНЙКЗУ
Кщд.Рс.: 122818,48,БЙФЩЛПБКБСНБНЙБУ
Кщд.Рс.: 231797,48,ЗМБИЙБУ
Кщд.Рс.: 232787,48,ЛБСЙУБУ
Кщд.Рс.: 100621,48,ИЕУУБЛПНЙКЗУ
Кщд.Рс.: 120524,48,ЗЛЕЙБУ
Кщд.Рс.: 229934,48,ЧБЛКЙДЙКЗУ
Кщд.Рс.: 232799,48,КБСДЙФУБУ
Кщд.Рс.: 122812,48,ВПЙЩФЙБУ
Кщд.Рс.: 230447,48,УЕССЩН
Кщд.Рс.: 123355,48,БСФБУ
Кщд.Рс.: 231788,48,ЦЛЩСЙНБУ
Кщд.Рс.: 230446,48,УЕССЩН
Кщд.Рс.: 101209,48,ИЕУРСЩФЙБУ
Кщд.Рс.: 231782,48,КПЖБНЗУ
Кщд.Рс.: 124497,48,ЗСБКЛЕЙПХ
Кщд.Рс.: 124491,48,ЧБНЙЩН
Кщд.Рс.: 122804,48,ВПЙЩФЙБУ
Кщд.Рс.: 229912,48,ЧБЛКЙДЙКЗУ
Кщд.Рс.: 230443,48,КБВБЛБУ
Кщд.Рс.: 229908,48,ЧБЛКЙДЙКЗУ
Кщд.Рс.: 231775,48,ЦЛЩСЙНБУ
Кщд.Рс.: 122801,48,ВПЙЩФЙБУ
Кщд.Рс.: 123351,48,РСЕВЕЖБУ
Кщд.Рс.: 231773,48,РЕЛЛБУ
Кщд.Рс.: 120512,48,КПСЙНИЙБУ
Кщд.Рс.: 231767,48,ЗМБИЙБУ
Кщд.Рс.: 122793,48,ВПЙЩФЙБУ
Кщд.Рс.: 229903,48,ИЕУУБЛПНЙКЗУ
Кщд.Рс.: 229901,48,ЧБЛКЙДЙКЗУ
Кщд.Рс.: 115744,48,БСКБДЙБУ
Кщд.Рс.: 115744,48,БСКБДЙБУ
Кщд.Рс.: 122797,48,ЦИЙЩФЙДБУ
Кщд.Рс.: 120525,48,НЗУЩН
Кщд.Рс.: 124469,48,ЛБУЙИЙПХ
Кщд.Рс.: 231766,48,ЗМБИЙБУ
Кщд.Рс.: 122794,48,ЕХВПЙБУ
Кщд.Рс.: 120489,48,КПСЙНИЙБУ
Кщд.Рс.: 124482,48,ЧБНЙЩН
Кщд.Рс.: 232775,48,ЛБСЙУБУ
Кщд.Рс.: 230420,48,УЕССЩН
Кщд.Рс.: 230435,48,УЕССЩН
Кщд.Рс.: 229888,48,КЙЛКЙУ
Кщд.Рс.: 122788,48,ЕХВПЙБУ
Кщд.Рс.: 120466,48,БСКБДЙБУ
Кщд.Рс.: 123345,48,ИЕУРСЩФЙБУ
Кщд.Рс.: 232769,48,ФСЙКБЛЩН
Кщд.Рс.: 120461,48,ЗЛЕЙБУ
Кщд.Рс.: 120525,48,НЗУЩН
Кщд.Рс.: 229863,48,ЧБЛКЙДЙКЗУ
Кщд.Рс.: 229883,48,ЧБЛКЙДЙКЗУ
Кщд.Рс.: 123342,48,ИЕУРСЩФЙБУ
Кщд.Рс.: 120468,48,ЗЛЕЙБУ
Кщд.Рс.: 120464,48,БЧБЪБУ
Кщд.Рс.: 232763,48,КБСДЙФУБУ
Кщд.Рс.: 232762,48,КБСДЙФУБУ
Кщд.Рс.: 232729,48,ФСЙКБЛЩН
Кщд.Рс.: 233253,48,ЕВСПХ
Кщд.Рс.: 231743,48,РЕЛЛБУ
Кщд.Рс.: 120441,48,НЗУЩН
Кщд.Рс.: 230424,48,КБВБЛБУ
Кщд.Рс.: 124440,48,ЗСБКЛЕЙПХ
Кщд.Рс.: 232746,48,КБСДЙФУБУ
Кщд.Рс.: 229851,48,ИЕУУБЛПНЙКЗУ
Кщд.Рс.: 122762,48,БЙФЩЛПБКБСНБНЙБУ
Кщд.Рс.: 120427,48,МЕУУЗНЙБУ
Кщд.Рс.: 229846,48,ЧБЛКЙДЙКЗУ
Кщд.Рс.: 231734,48,РЕЛЛБУ
Кщд.Рс.: 233242,48,ЕВСПХ
Кщд.Рс.: 116687,48,НЗУЩН
Кщд.Рс.: 120425,48,ЗЛЕЙБУ
Кщд.Рс.: 229844,48,ИЕУУБЛПНЙКЗУ
Кщд.Рс.: 229841,48,ЧБЛКЙДЙКЗУ
Кщд.Рс.: 124463,48,ЧБНЙЩН
Кщд.Рс.: 118660,48,ДХФЙКЗУ БФФЙКЗУ
Кщд.Рс.: 230406,48,УЕССЩН
Кщд.Рс.: 100613,48,ЗЛЕЙБУ
Кщд.Рс.: 121991,48,БЧБЪБУ
Кщд.Рс.: 121990,48,ЗЛЕЙБУ
Кщд.Рс.: 123318,48,РСЕВЕЖБУ
Кщд.Рс.: 120408,48,НЗУЩН
Кщд.Рс.: 101209,48,ИЕУРСЩФЙБУ
Кщд.Рс.: 229821,48,ЧБЛКЙДЙКЗУ
Кщд.Рс.: 123312,48,ИЕУРСЩФЙБУ
Кщд.Рс.: 121983,48,КПСЙНИЙБУ
Кщд.Рс.: 229819,48,ИЕУУБЛПНЙКЗУ
Кщд.Рс.: 121982,48,КПСЙНИЙБУ
Кщд.Рс.: 124453,48,ЧБНЙЩН
Кщд.Рс.: 230394,48,УЕССЩН
Кщд.Рс.: 230393,48,ДСБМБУ
Кщд.Рс.: 124450,48,ЗСБКЛЕЙПХ
Кщд.Рс.: 229805,48,ЧБЛКЙДЙКЗУ
Кщд.Рс.: 231691,48,РЙЕСЙБУ
Кщд.Рс.: 229797,48,КЙЛКЙУ
Кщд.Рс.: 230388,48,УЕССЩН
Кщд.Рс.: 123304,48,ИЕУРСЩФЙБУ
Кщд.Рс.: 230386,48,УЕССЩН
Кщд.Рс.: 118625,48,ДХФЙКЗУ БФФЙКЗУ
Кщд.Рс.: 100475,48,КЕСКХСБУ
Кщд.Рс.: 231675,48,РЕЛЛБУ
Кщд.Рс.: 122715,48,ЕХВПЙБУ
Кщд.Рс.: 124482,48,ЧБНЙЩН
Кщд.Рс.: 121941,48,БСГПЛЙДБУ
Кщд.Рс.: 233255,48,ЕВСПХ
Кщд.Рс.: 123297,48,РСЕВЕЖБУ
Кщд.Рс.: 230380,48,УЕССЩН
Кщд.Рс.: 124442,48,ЧБНЙЩН
Кщд.Рс.: 100707,48,ФСЙКБЛЩН
Кщд.Рс.: 121939,48,МЕУУЗНЙБУ
Кщд.Рс.: 120441,48,НЗУЩН
Кщд.Рс.: 124437,48,ЧБНЙЩН
Кщд.Рс.: 122693,48,ЦЩКЙДБУ
Кщд.Рс.: 121925,48,БЧБЪБУ
Кщд.Рс.: 124432,48,ЗСБКЛЕЙПХ
Кщд.Рс.: 122692,48,ЦИЙЩФЙДБУ
Кщд.Рс.: 229761,48,ЧБЛКЙДЙКЗУ
Кщд.Рс.: 231758,48,РЕЛЛБУ
Кщд.Рс.: 230368,48,УЕССЩН
Кщд.Рс.: 232667,48,КБСДЙФУБУ
Кщд.Рс.: 229756,48,КЙЛКЙУ
Кщд.Рс.: 127142,48,КЕСКХСБУ
Кщд.Рс.: 121908,48,МЕУУЗНЙБУ
Кщд.Рс.: 124428,48,ЧБНЙЩН
Кщд.Рс.: 122681,48,ЕХВПЙБУ
Кщд.Рс.: 122680,48,ЕХВПЙБУ
Кщд.Рс.: 121904,48,ЗЛЕЙБУ
Кщд.Рс.: 230361,48,УЕССЩН
Кщд.Рс.: 127138,48,КЕЦБЛЛЗНЙБУ
Кщд.Рс.: 127136,48,КЕСКХСБУ
Кщд.Рс.: 121891,48,ЗЛЕЙБУ
Кщд.Рс.: 230355,48,УЕССЩН
Кщд.Рс.: 231638,48,РЙЕСЙБУ
Кщд.Рс.: 229733,48,ИЕУУБЛПНЙКЗУ
Кщд.Рс.: 100947,48,БЧБЪБУ
Кщд.Рс.: 229728,48,ИЕУУБЛПНЙКЗУ
Кщд.Рс.: 100873,48,УЕССЩН
Кщд.Рс.: 230350,48,КБВБЛБУ
Кщд.Рс.: 124410,48,ЧБНЙЩН
Кщд.Рс.: 232633,48,КБСДЙФУБУ
Кщд.Рс.: 127133,48,КЕЦБЛЛЗНЙБУ
Кщд.Рс.: 229711,48,ИЕУУБЛПНЙКЗУ
Кщд.Рс.: 230346,48,КБВБЛБУ
Кщд.Рс.: 118564,48,ДХФЙКЗУ БФФЙКЗУ
Кщд.Рс.: 127131,48,КЕСКХСБУ
Кщд.Рс.: 122643,48,БЙФЩЛПБКБСНБНЙБУ
Кщд.Рс.: 121834,48,КПСЙНИЙБУ
Кщд.Рс.: 121836,48,ЗЛЕЙБУ
Кщд.Рс.: 127130,48,КЕСКХСБУ
Кщд.Рс.: 231613,48,ЦЛЩСЙНБУ
Кщд.Рс.: 122637,48,БЙФЩЛПБКБСНБНЙБУ
Кщд.Рс.: 127128,48,КЕСКХСБУ
Кщд.Рс.: 232604,48,ЛБСЙУБУ
Кщд.Рс.: 121822,48,ЗЛЕЙБУ
Кщд.Рс.: 122630,48,ВПЙЩФЙБУ
Кщд.Рс.: 120344,48,НЗУЩН
Кщд.Рс.: 122625,48,ДХФЙКЗУ БФФЙКЗУ
Кщд.Рс.: 231601,48,РЙЕСЙБУ
Кщд.Рс.: 230326,48,УЕССЩН
Кщд.Рс.: 232590,48,ФСЙКБЛЩН
Кщд.Рс.: 230320,48,УЕССЩН
Кщд.Рс.: 233185,48,ЕВСПХ
Кщд.Рс.: 121783,48,ЗЛЕЙБУ
Кщд.Рс.: 124392,48,ЧБНЙЩН
Кщд.Рс.: 124391,48,ЧБНЙЩН
Кщд.Рс.: 230313,48,УЕССЩН
Кщд.Рс.: 122582,48,ЦИЙЩФЙДБУ
Кщд.Рс.: 229846,48,ЧБЛКЙДЙКЗУ
Кщд.Рс.: 231566,48,ЗМБИЙБУ
Кщд.Рс.: 127120,48,КЕЦБЛЛЗНЙБУ
Кщд.Рс.: 229616,48,ЧБЛКЙДЙКЗУ
Кщд.Рс.: 230303,48,УЕССЩН
Кщд.Рс.: 231548,48,ЗМБИЙБУ
Кщд.Рс.: 124382,48,ЛБУЙИЙПХ
Кщд.Рс.: 230300,48,УЕССЩН
Кщд.Рс.: 118496,48,ДХФЙКЗУ БФФЙКЗУ
Кщд.Рс.: 232538,48,ФСЙКБЛЩН
Кщд.Рс.: 120307,48,НЗУЩН
Кщд.Рс.: 231525,48,КБУФПСЙБУ
Кщд.Рс.: 230283,48,КБВБЛБУ
Кщд.Рс.: 127109,48,КЕСКХСБУ
Кщд.Рс.: 122542,48,ЦИЙЩФЙДБУ
Кщд.Рс.: 121713,48,БЧБЪБУ
Кщд.Рс.: 230276,48,УЕССЩН
Кщд.Рс.: 124357,48,ЧБНЙЩН
Кщд.Рс.: 124356,48,ЛБУЙИЙПХ
Кщд.Рс.: 127107,48,КЕСКХСБУ
Кщд.Рс.: 231497,48,КПЖБНЗУ
Кщд.Рс.: 232492,48,ЛБСЙУБУ
Кщд.Рс.: 231488,48,РЕЛЛБУ
Кщд.Рс.: 121688,48,ЗЛЕЙБУ
Кщд.Рс.: 231479,48,ЗМБИЙБУ
Кщд.Рс.: 229517,48,ЧБЛКЙДЙКЗУ
Кщд.Рс.: 229501,48,ЧБЛКЙДЙКЗУ
Кщд.Рс.: 101121,48,ЗСБКЛЕЙПХ
Кщд.Рс.: 127094,48,КЕСКХСБУ
Кщд.Рс.: 101121,48,ЗСБКЛЕЙПХ
Кщд.Рс.: 233137,48,ОБНИЗУ
Кщд.Рс.: 229392,48,КЙЛКЙУ
Кщд.Рс.: 122494,48,ЦИЙЩФЙДБУ
Кщд.Рс.: 229459,48,ИЕУУБЛПНЙКЗУ
Кщд.Рс.: 124301,48,ЗСБКЛЕЙПХ
Кщд.Рс.: 122491,48,ЕХВПЙБУ
Кщд.Рс.: 120424,48,КПСЙНИЙБУ
Кщд.Рс.: 229446,48,ЧБЛКЙДЙКЗУ
Кщд.Рс.: 229449,48,ЧБЛКЙДЙКЗУ
Кщд.Рс.: 229448,48,ИЕУУБЛПНЙКЗУ
Кщд.Рс.: 229428,48,ИЕУУБЛПНЙКЗУ
Кщд.Рс.: 121599,48,ЗЛЕЙБУ
Кщд.Рс.: 122438,48,БЙФЩЛПБКБСНБНЙБУ
Кщд.Рс.: 232735,48,КБСДЙФУБУ
Кщд.Рс.: 231114,48,РЕЛЛБУ
Кщд.Рс.: 122411,48,ЦИЙЩФЙДБУ
Кщд.Рс.: 121519,48,БЧБЪБУ
Кщд.Рс.: 122403,48,ЦИЙЩФЙДБУ
Кщд.Рс.: 229326,48,ИЕУУБЛПНЙКЗУ
Кщд.Рс.: 230215,48,УЕССЩН
Кщд.Рс.: 127051,48,КЕСКХСБУ
Кщд.Рс.: 230015,48,УЕССЩН
Кщд.Рс.: 230420,48,УЕССЩН
Кщд.Рс.: 230127,48,УЕССЩН
Кщд.Рс.: 229076,48,КЙЛКЙУ
Кщд.Рс.: 124228,48,ЧБНЙЩН
Кщд.Рс.: 122363,48,БЙФЩЛПБКБСНБНЙБУ
Кщд.Рс.: 123141,48,ИЕУРСЩФЙБУ
Кщд.Рс.: 124221,48,ЧБНЙЩН
Кщд.Рс.: 123125,48,РСЕВЕЖБУ
Кщд.Рс.: 124186,48,ЛБУЙИЙПХ
Кщд.Рс.: 124172,48,ЗСБКЛЕЙПХ
Кщд.Рс.: 230180,48,УЕССЩН
Кщд.Рс.: 232275,48,ЛБСЙУБУ
Кщд.Рс.: 121235,48,БЧБЪБУ
Кщд.Рс.: 230149,48,КБВБЛБУ
Кщд.Рс.: 230147,48,УЕССЩН
Кщд.Рс.: 230145,48,КБВБЛБУ
Кщд.Рс.: 122267,48,БЙФЩЛПБКБСНБНЙБУ
Кщд.Рс.: 121338,48,ЗЛЕЙБУ
Кщд.Рс.: 231153,48,ЦЛЩСЙНБУ
Кщд.Рс.: 124135,48,ЧБНЙЩН
Кщд.Рс.: 232220,48,ЛБСЙУБУ
Кщд.Рс.: 122125,48,ЦИЙЩФЙДБУ
Кщд.Рс.: 120441,48,НЗУЩН
Кщд.Рс.: 121155,48,МЕУУЗНЙБУ
Кщд.Рс.: 122101,48,ЕХВПЙБУ
Кщд.Рс.: 101490,96,КЩ
Кщд.Рс.: 101529,96,СПДПХ
Кщд.Рс.: 101452,96,ЧБНЙЩН
Кщд.Рс.: 101484,96,КЩ
Кщд.Рс.: 101430,96,СЕИХМНПХ
Кщд.Рс.: 101473,96,ЧБНЙЩН
Кщд.Рс.: 101504,96,ИЗСБУ
Кщд.Рс.: 101490,96,КЩ
Кщд.Рс.: 101473,96,ЧБНЙЩН
Кщд.Рс.: 101250,96,УХСПХ
Кщд.Рс.: 101452,96,ЧБНЙЩН
Кщд.Рс.: 101413,96,НБОПХ
Кщд.Рс.: 101394,96,МЕУУЗНЙБУ
Кщд.Рс.: 101433,96,СПДПХ
Кщд.Рс.: 101194,96,СПДПХ
Кщд.Рс.: 101477,96,ЗСБКЛЕЙПХ
Кщд.Рс.: 115600,96,НБОПХ
Кщд.Рс.: 101408,96,БСКБДЙБУ
Кщд.Рс.: 101316,96,РБСПХ
Кщд.Рс.: 101365,96,МБГНЗУЙБУ
Кщд.Рс.: 101349,96,КЕСКХСБУ
Кщд.Рс.: 101214,96,ИЗСБУ
Кщд.Рс.: 101326,96,УХСПХ
Кщд.Рс.: 101332,96,БНДСПХ
Кщд.Рс.: 101295,96,СПДПХ
Кщд.Рс.: 101341,96,ЛЕУВПХ
Кщд.Рс.: 101278,96,ЧБНЙЩН
Кщд.Рс.: 101296,96,ЗСБКЛЕЙПХ
Кщд.Рс.: 101082,96,УБМПХ
Кщд.Рс.: 101300,96,ЧБНЙЩН
Кщд.Рс.: 101315,96,ЛБКЩНЙБУ
Кщд.Рс.: 101312,96,МЗЛПХ
Кщд.Рс.: 101285,96,КЩ
Кщд.Рс.: 101225,96,МХКПНПХ
Кщд.Рс.: 101275,96,ЛБУЙИЙПХ
Кщд.Рс.: 101207,96,ЧЙПХ
Кщд.Рс.: 101256,96,ЕХВПЙБУ
Кщд.Рс.: 101331,96,ЕХВПЙБУ
Кщд.Рс.: 100983,96,КЩ
Кщд.Рс.: 101331,96,ЕХВПЙБУ
Кщд.Рс.: 101280,96,ЧЙПХ
Кщд.Рс.: 101159,96,РЙЕСЙБУ
Кщд.Рс.: 101249,96,КЩ
Кщд.Рс.: 101235,96,ЗСБКЛЕЙПХ
Кщд.Рс.: 101151,96,ЗСБКЛЕЙПХ
Кщд.Рс.: 101226,96,ЛБКЩНЙБУ
Кщд.Рс.: 101229,96,ЕХВПЙБУ
Кщд.Рс.: 101227,96,БЙФЩЛПБКБСНБНЙБУ
Кщд.Рс.: 101202,96,ЗСБКЛЕЙПХ
Кщд.Рс.: 101197,96,КЩ
Кщд.Рс.: 101211,96,ЛЕУВПХ
Кщд.Рс.: 101187,96,ЛЗМНПХ
Кщд.Рс.: 101049,96,МЕУУЗНЙБУ
Кщд.Рс.: 101157,96,СПДПХ
Кщд.Рс.: 100232,96,ГСЕВЕНЩН
Кщд.Рс.: 101162,96,ЛЕУВПХ
Кщд.Рс.: 101042,96,КПЖБНЗУ
Кщд.Рс.: 101056,96,СПДПХ
Кщд.Рс.: 101324,96,КПЖБНЗУ
Кщд.Рс.: 101110,96,СПДПХ
Кщд.Рс.: 101086,96,УРПСБДЩН
Кщд.Рс.: 101062,96,КЕСКХСБУ
Кщд.Рс.: 100734,96,УРПСБДЩН
Кщд.Рс.: 101005,96,МЕУУЗНЙБУ
Кщд.Рс.: 101024,96,ФЗНПХ
Кщд.Рс.: 100969,96,МЕУУЗНЙБУ
Кщд.Рс.: 100940,96,РЙЕСЙБУ
Кщд.Рс.: 100899,96,КЕСКХСБУ
Кщд.Рс.: 101239,96,ЗСБКЛЕЙПХ
Кщд.Рс.: 100851,96,ИЗСБУ
Кщд.Рс.: 100802,96,МЕУУЗНЙБУ
Кщд.Рс.: 100849,96,ЕХВПЙБУ
Кщд.Рс.: 100906,96,КЩ
Кщд.Рс.: 100799,96,ЕХВПЙБУ
Кщд.Рс.: 100721,96,ЙЩБННЙНЩН
Кщд.Рс.: 100788,96,МХКПНПХ
Кщд.Рс.: 100789,96,ЛБКЩНЙБУ
Кщд.Рс.: 101121,96,ЗСБКЛЕЙПХ
Кщд.Рс.: 101222,96,БСКБДЙБУ
Кщд.Рс.: 101222,96,БСГПЛЙДБУ
Кщд.Рс.: 100814,96,КБСРБИПХ
Кщд.Рс.: 100748,96,ФЗНПХ
Кщд.Рс.: 101209,96,КЕСКХСБУ
Кщд.Рс.: 100717,96,ЛБУЙИЙПХ
Кщд.Рс.: 100719,96,СПДПХ
Кщд.Рс.: 124463,96,ЧБНЙЩН
Кщд.Рс.: 100737,96,ЖБКХНИПХ
Кщд.Рс.: 100737,96,ЖБКХНИПХ
Кщд.Рс.: 100774,96,УХСПХ
Кщд.Рс.: 101390,96,ОБНИЗУ
Кщд.Рс.: 100728,96,ИЗСБУ
Кщд.Рс.: 100677,96,НЗУЩН
Кщд.Рс.: 230379,96,ИБУПХ
Кщд.Рс.: 230430,96,ИБУПХ
Кщд.Рс.: 100684,96,КЕБУ - КХИНПХ
Кщд.Рс.: 100712,96,КЕСКХСБУ
Кщд.Рс.: 100616,96,КПЖБНЗУ
Кщд.Рс.: 100474,96,СПДПХ
Кщд.Рс.: 100521,96,ЧБНЙЩН
Кщд.Рс.: 100665,96,ЛБСЙУБУ
Кщд.Рс.: 100630,96,ЕХВПЙБУ
Кщд.Рс.: 100525,96,КЕСКХСБУ
Кщд.Рс.: 101350,96,ЗСБКЛЕЙПХ
Кщд.Рс.: 101211,96,ЛЕУВПХ
Кщд.Рс.: 101125,96,ЦЩКЙДБУ
Кщд.Рс.: 100516,96,ЙЩБННЙНЩН
Кщд.Рс.: 100384,96,ЛБКЩНЙБУ
Кщд.Рс.: 100488,96,СПДПХ
Кщд.Рс.: 100480,96,УЕССЩН
Кщд.Рс.: 121896,96,БЧБЪБУ
Кщд.Рс.: 100499,96,ЕХВПЙБУ
Кщд.Рс.: 100490,96,ЗСБКЛЕЙПХ
Кщд.Рс.: 100423,96,БСГПЛЙДБУ
Кщд.Рс.: 100410,96,СПДПХ
Кщд.Рс.: 100428,96,СПДПХ
Кщд.Рс.: 100445,96,ЧБНЙЩН
Кщд.Рс.: 100447,96,РБСПХ
Кщд.Рс.: 100404,96,ЛЕУВПХ
Кщд.Рс.: 100401,96,КЩ
Кщд.Рс.: 100405,96,МБГНЗУЙБУ
Кщд.Рс.: 100317,96,ЙЩБННЙНЩН
Кщд.Рс.: 100388,96,ЛБСЙУБУ
Кщд.Рс.: 100338,96,РЙЕСЙБУ
Кщд.Рс.: 100286,96,ЧБНЙЩН
Кщд.Рс.: 100259,96,ИЗСБУ
Кщд.Рс.: 100252,96,МХКПНПХ
Кщд.Рс.: 100700,96,КЕСКХСБУ
Кщд.Рс.: 100220,96,СПДПХ
Кщд.Рс.: 100241,96,ИЗСБУ
Кщд.Рс.: 100235,96,ЛБУЙИЙПХ
Кщд.Рс.: 100009,96,СЕИХМНПХ
Кщд.Рс.: 100193,96,КБЛХМНПХ
Кщд.Рс.: 101194,96,СПДПХ
Кщд.Рс.: 100201,96,ЧБНЙЩН
Кщд.Рс.: 100111,96,УХСПХ
Кщд.Рс.: 100022,96,ЧБНЙЩН
Кщд.Рс.: 101003,96,БЙФЩЛПБКБСНБНЙБУ
Кщд.Рс.: 100070,96,ЧБНЙЩН
Кщд.Рс.: 100086,96,СПДПХ
Кщд.Рс.: 100039,96,ЧБНЙЩН
Кщд.Рс.: 100071,96,СПДПХ
Кщд.Рс.: 100072,96,РБСПХ
Кщд.Рс.: 126261,96,МЗЛПХ
Кщд.Рс.: 100027,96,ИБУПХ
Кщд.Рс.: 100055,96,КЕСКХСБУ
Кщд.Рс.: 125213,96,СПДПХ
Кщд.Рс.: 100013,96,ЧЙПХ
Кщд.Рс.: 120534,96,БСГПЛЙДБУ
Кщд.Рс.: 125211,96,СПДПХ
Кщд.Рс.: 115745,96,МХКПНПХ
Кщд.Рс.: 127159,96,КЕЦБЛЛЗНЙБУ
Кщд.Рс.: 126258,96,ЙКБСЙБУ
Кщд.Рс.: 125209,96,СПДПХ
Кщд.Рс.: 124503,96,ЗСБКЛЕЙПХ
Кщд.Рс.: 120527,96,НЗУЩН
Кщд.Рс.: 120417,96,НЗУЩН
Кщд.Рс.: 126257,96,ЛЗМНПХ
Кщд.Рс.: 126259,96,ЛЗМНПХ
Кщд.Рс.: 127157,96,КЕЦБЛЛЗНЙБУ
Кщд.Рс.: 127156,96,КЕСКХСБУ
Кщд.Рс.: 122811,96,ЕХВПЙБУ
Кщд.Рс.: 120551,96,МЕУУЗНЙБУ
Кщд.Рс.: 126253,96,ЛЗМНПХ
Кщд.Рс.: 120519,96,МЕУУЗНЙБУ
Кщд.Рс.: 231779,96,РЕЛЛБУ
Кщд.Рс.: 124493,96,ЗСБКЛЕЙПХ
Кщд.Рс.: 126254,96,НБОПХ
Кщд.Рс.: 124498,96,СЕИХМНПХ
Кщд.Рс.: 124488,96,ЛБУЙИЙПХ
Кщд.Рс.: 101194,96,СПДПХ
Кщд.Рс.: 127154,96,КЕСКХСБУ
Кщд.Рс.: 126251,96,МЗЛПХ
Кщд.Рс.: 126245,96,УБМПХ
Кщд.Рс.: 100020,96,МЕУУЗНЙБУ
Кщд.Рс.: 122799,96,БЙФЩЛПБКБСНБНЙБУ
Кщд.Рс.: 125205,96,СПДПХ
Кщд.Рс.: 231765,96,ГСЕВЕНЩН
Кщд.Рс.: 126249,96,РБСПХ
Кщд.Рс.: 120488,96,МЕУУЗНЙБУ
Кщд.Рс.: 124465,96,СЕИХМНПХ
Кщд.Рс.: 101301,96,РЙЕСЙБУ
Кщд.Рс.: 126239,96,ЧЙПХ
Кщд.Рс.: 231761,96,РЙЕСЙБУ
Кщд.Рс.: 233259,96,СПДПРЗУ
Кщд.Рс.: 123343,96,БСФБУ
Кщд.Рс.: 125203,96,КЩ
Кщд.Рс.: 124477,96,ЧБНЙЩН
Кщд.Рс.: 126242,96,ЛЗМНПХ
Кщд.Рс.: 124473,96,ЛБУЙИЙПХ
Кщд.Рс.: 120449,96,ЗЛЕЙБУ
Кщд.Рс.: 124472,96,ЛБУЙИЙПХ
Кщд.Рс.: 122767,96,ВПЙЩФЙБУ
Кщд.Рс.: 126243,96,ЛЕУВПХ
Кщд.Рс.: 125202,96,КБЛХМНПХ
Кщд.Рс.: 126238,96,ЛЕУВПХ
Кщд.Рс.: 126236,96,ЛЕУВПХ
Кщд.Рс.: 125201,96,СПДПХ
Кщд.Рс.: 122770,96,ЕХВПЙБУ
Кщд.Рс.: 100389,96,РЕЛЛБУ
Кщд.Рс.: 100729,96,БЙФЩЛПБКБСНБНЙБУ
Кщд.Рс.: 120432,96,ЛБКЩНЙБУ
Кщд.Рс.: 122749,96,ЕХВПЙБУ
Кщд.Рс.: 125200,96,КБЛХМНПХ
Кщд.Рс.: 125199,96,СПДПХ
Кщд.Рс.: 122747,96,ЕХВПЙБУ
Кщд.Рс.: 120416,96,ЛБКЩНЙБУ
Кщд.Рс.: 121999,96,ЛБКЩНЙБУ
Кщд.Рс.: 126233,96,ЧЙПХ
Кщд.Рс.: 230408,96,УЕССЩН
Кщд.Рс.: 231723,96,КПЖБНЗУ
Кщд.Рс.: 233235,96,СПДПРЗУ
Кщд.Рс.: 232719,96,МБГНЗУЙБУ
Кщд.Рс.: 124461,96,СЕИХМНПХ
Кщд.Рс.: 127149,96,ЙИБКЗУ
Кщд.Рс.: 126239,96,ЧЙПХ
Кщд.Рс.: 127148,96,КЕСКХСБУ
Кщд.Рс.: 125195,96,КЩ
Кщд.Рс.: 121992,96,МЕУУЗНЙБУ
Кщд.Рс.: 125196,96,КБЛХМНПХ
Кщд.Рс.: 121988,96,МЕУУЗНЙБУ
Кщд.Рс.: 232715,96,МБГНЗУЙБУ
Кщд.Рс.: 126229,96,МЗЛПХ
Кщд.Рс.: 126230,96,НБОПХ
Кщд.Рс.: 126228,96,РБСПХ
Кщд.Рс.: 125194,96,КЩ
Кщд.Рс.: 231710,96,КПЖБНЗУ
Кщд.Рс.: 122737,96,ЦИЙЩФЙДБУ
Кщд.Рс.: 125190,96,СПДПХ
Кщд.Рс.: 124447,96,СЕИХМНПХ
Кщд.Рс.: 122727,96,ЕХВПЙБУ
Кщд.Рс.: 126225,96,ЧЙПХ
Кщд.Рс.: 113401,96,МХКПНПХ
Кщд.Рс.: 232698,96,ЛБСЙУБУ
Кщд.Рс.: 121949,96,БСГПЛЙДБУ
Кщд.Рс.: 125187,96,СПДПХ
Кщд.Рс.: 122706,96,ЕХВПЙБУ
Кщд.Рс.: 126236,96,ЛЕУВПХ
Кщд.Рс.: 126217,96,ЧЙПХ
Кщд.Рс.: 126216,96,УБМПХ
Кщд.Рс.: 125186,96,СПДПХ
Кщд.Рс.: 125185,96,СПДПХ
Кщд.Рс.: 122698,96,ЕХВПЙБУ
Кщд.Рс.: 122697,96,БЙФЩЛПБКБСНБНЙБУ
Кщд.Рс.: 231669,96,РЕЛЛБУ
Кщд.Рс.: 124431,96,ЗСБКЛЕЙПХ
Кщд.Рс.: 124430,96,ЧБНЙЩН
Кщд.Рс.: 125181,96,СПДПХ
Кщд.Рс.: 230367,96,ДСБМБУ
Кщд.Рс.: 100488,96,СПДПХ
Кщд.Рс.: 126211,96,УБМПХ
Кщд.Рс.: 233250,96,СПДПРЗУ
Кщд.Рс.: 232652,96,ЛБСЙУБУ
Кщд.Рс.: 124425,96,ЧБНЙЩН
Кщд.Рс.: 125177,96,КЩ
Кщд.Рс.: 122675,96,БЙФЩЛПБКБСНБНЙБУ
Кщд.Рс.: 122670,96,ЦИЙЩФЙДБУ
Кщд.Рс.: 124423,96,ЧБНЙЩН
Кщд.Рс.: 125174,96,КБЛХМНПХ
Кщд.Рс.: 127135,96,КЕСКХСБУ
Кщд.Рс.: 125173,96,СПДПХ
Кщд.Рс.: 121882,96,ЛБКЩНЙБУ
Кщд.Рс.: 122666,96,БЙФЩЛПБКБСНБНЙБУ
Кщд.Рс.: 124418,96,ЗСБКЛЕЙПХ
Кщд.Рс.: 127134,96,КЕСКХСБУ
Кщд.Рс.: 124417,96,ЛБУЙИЙПХ
Кщд.Рс.: 121865,96,МЕУУЗНЙБУ
Кщд.Рс.: 122661,96,ЕХВПЙБУ
Кщд.Рс.: 232634,96,ЦИЙЩФЙДБУ
Кщд.Рс.: 233205,96,ЕВСПХ
Кщд.Рс.: 125170,96,СПДПХ
Кщд.Рс.: 231626,96,РЕЛЛБУ
Кщд.Рс.: 121854,96,МЕУУЗНЙБУ
Кщд.Рс.: 126203,96,ЛЕУВПХ
Кщд.Рс.: 121853,96,ЛБКЩНЙБУ
Кщд.Рс.: 230343,96,УЕССЩН
Кщд.Рс.: 126199,96,УБМПХ
Кщд.Рс.: 120356,96,НЗУЩН
Кщд.Рс.: 127129,96,ЖБКХНИПХ
Кщд.Рс.: 121830,96,БСКБДЙБУ
Кщд.Рс.: 125164,96,СПДПХ
Кщд.Рс.: 123271,96,ЙЩБННЙНЩН
Кщд.Рс.: 121803,96,МЕУУЗНЙБУ
Кщд.Рс.: 124397,96,ЗСБКЛЕЙПХ
Кщд.Рс.: 127124,96,ЖБКХНИПХ
Кщд.Рс.: 232586,96,ЛБСЙУБУ
Кщд.Рс.: 125156,96,КЩ
Кщд.Рс.: 126184,96,ЙКБСЙБУ
Кщд.Рс.: 120329,96,НЗУЩН
Кщд.Рс.: 122585,96,ЕХВПЙБУ
Кщд.Рс.: 231565,96,КПЖБНЗУ
Кщд.Рс.: 127121,96,КЕСКХСБУ
Кщд.Рс.: 232565,96,МБГНЗУЙБУ
Кщд.Рс.: 127114,96,КЕСКХСБУ
Кщд.Рс.: 124383,96,ЧБНЙЩН
Кщд.Рс.: 122562,96,ЕХВПЙБУ
Кщд.Рс.: 231534,96,КПЖБНЗУ
Кщд.Рс.: 122556,96,ЕХВПЙБУ
Кщд.Рс.: 121734,96,МЕУУЗНЙБУ
Кщд.Рс.: 231524,96,РЙЕСЙБУ
Кщд.Рс.: 121731,96,МЕУУЗНЙБУ
Кщд.Рс.: 127111,96,ЖБКХНИПХ
Кщд.Рс.: 127110,96,ЛЕХКБДБУ
Кщд.Рс.: 121723,96,КПСЙНИЙБУ
Кщд.Рс.: 126160,96,ЛЕУВПХ
Кщд.Рс.: 125144,96,СПДПХ
Кщд.Рс.: 126155,96,УХСПХ
Кщд.Рс.: 125140,96,СПДПХ
Кщд.Рс.: 125142,96,СПДПХ
Кщд.Рс.: 125139,96,СПДПХ
Кщд.Рс.: 127105,96,КЕСКХСБУ
Кщд.Рс.: 125137,96,КБЛХМНПХ
Кщд.Рс.: 121693,96,БСГПЛЙДБУ
Кщд.Рс.: 125135,96,СПДПХ
Кщд.Рс.: 231490,96,РЕЛЛБУ
Кщд.Рс.: 231483,96,КПЖБНЗУ
Кщд.Рс.: 124351,96,ЗСБКЛЕЙПХ
Кщд.Рс.: 121679,96,ЗЛЕЙБУ
Кщд.Рс.: 101121,96,ЗСБКЛЕЙПХ
Кщд.Рс.: 125132,96,КЩ
Кщд.Рс.: 233143,96,ОБНИЗУ
Кщд.Рс.: 101121,96,ЗСБКЛЕЙПХ
Кщд.Рс.: 101121,96,ЗСБКЛЕЙПХ
Кщд.Рс.: 233139,96,ОБНИЗУ
Кщд.Рс.: 125125,96,СПДПХ
Кщд.Рс.: 125123,96,КЩ
Кщд.Рс.: 126133,96,ИЗСБУ
Кщд.Рс.: 100064,96,СЕИХМНПХ
Кщд.Рс.: 126131,96,МХКПНПХ
Кщд.Рс.: 126130,96,МХКПНПХ
Кщд.Рс.: 127087,96,КЕСКХСБУ
Кщд.Рс.: 122471,96,ЕХВПЙБУ
Кщд.Рс.: 124278,96,ЗСБКЛЕЙПХ
Кщд.Рс.: 231406,96,КПЖБНЗУ
Кщд.Рс.: 124277,96,СЕИХМНПХ
Кщд.Рс.: 121586,96,ЛБКЩНЙБУ
Кщд.Рс.: 122461,96,ЦИЙЩФЙДБУ
Кщд.Рс.: 122464,96,ЦИЙЩФЙДБУ
Кщд.Рс.: 126123,96,УХСПХ
Кщд.Рс.: 124271,96,ЗСБКЛЕЙПХ
Кщд.Рс.: 125111,96,КЩ
Кщд.Рс.: 124261,96,СЕИХМНПХ
Кщд.Рс.: 125106,96,СПДПХ
Кщд.Рс.: 121559,96,БСКБДЙБУ
Кщд.Рс.: 230132,96,УЕССЩН
Кщд.Рс.: 126118,96,РБСПХ
Кщд.Рс.: 126114,96,ЧЙПХ
Кщд.Рс.: 126115,96,НБОПХ
Кщд.Рс.: 122426,96,ЦИЙЩФЙДБУ
Кщд.Рс.: 125087,96,КБСРБИПХ
Кщд.Рс.: 127042,96,ЖБКХНИПХ
Кщд.Рс.: 231062,96,КПЖБНЗУ
Кщд.Рс.: 232118,96,УРПСБДЩН
Кщд.Рс.: 231387,96,ГСЕВЕНЩН
Кщд.Рс.: 120214,96,НЗУЩН
Кщд.Рс.: 232398,96,ЦИЙЩФЙДБУ
Кщд.Рс.: 121476,96,БЧБЪБУ
Кщд.Рс.: 125202,96,КБЛХМНПХ
Кщд.Рс.: 125100,96,СПДПХ
Кщд.Рс.: 125099,96,СПДПХ
Кщд.Рс.: 124212,96,ЛБУЙИЙПХ
Кщд.Рс.: 127066,96,КЕСКХСБУ
Кщд.Рс.: 121443,96,ЛБКЩНЙБУ
Кщд.Рс.: 126074,96,УБМПХ
Кщд.Рс.: 126245,96,УБМПХ
Кщд.Рс.: 127039,96,КЕСКХСБУ
Кщд.Рс.: 125004,96,СПДПХ
Кщд.Рс.: 126094,96,ИЗСБУ
Кщд.Рс.: 115699,96,КБСРБИПХ
Кщд.Рс.: 124210,96,ЗСБКЛЕЙПХ
Кщд.Рс.: 122327,96,ЕХВПЙБУ
Кщд.Рс.: 121426,96,ЛБКЩНЙБУ
Кщд.Рс.: 125077,96,СПДПХ
Кщд.Рс.: 126077,96,ЙКБСЙБУ
Кщд.Рс.: 230161,96,ДСБМБУ
Кщд.Рс.: 125074,96,КЩ
Кщд.Рс.: 126070,96,ЛЕУВПХ
Кщд.Рс.: 125068,96,СПДПХ
Кщд.Рс.: 123105,96,ЙЩБННЙНЩН
Кщд.Рс.: 126069,96,ЧЙПХ
Кщд.Рс.: 232232,96,ЛБСЙУБУ
Кщд.Рс.: 232085,96,ЛБСЙУБУ
Кщд.Рс.: 232214,96,МБГНЗУЙБУ
Кщд.Рс.: 121168,96,ЛБКЩНЙБУ
Кщд.Рс.: 125045,96,СПДПХ
Кщд.Рс.: 120022,96,НЗУЩН
Кщд.Рс.: 122031,96,ЕХВПЙБУ
Кщд.Рс.: 121057,96,ЛБКЩНЙБУ
Кщд.Рс.: 125033,96,СПДПХ
